リンク,漢字,仮名
http://www.wikidata.org/entity/Q8,幸福,こうふく
http://www.wikidata.org/entity/Q556,水素,すいそ
http://www.wikidata.org/entity/Q688,塩素,えんそ
http://www.wikidata.org/entity/Q880,白金,しろがね
http://www.wikidata.org/entity/Q943,黄色,きいろ
http://www.wikidata.org/entity/Q1860,英語,えいご
http://www.wikidata.org/entity/Q2294,陽子,ようこ
http://www.wikidata.org/entity/Q2979,自由,じゆう
http://www.wikidata.org/entity/Q6388,水泳,すいえい
http://www.wikidata.org/entity/Q7239,生物,せいぶつ
http://www.wikidata.org/entity/Q7560,母親,ははおや
http://www.wikidata.org/entity/Q8458,人権,じんけん
http://www.wikidata.org/entity/Q9174,宗教,しゅうきょう
http://www.wikidata.org/entity/Q11426,金属,きんぞく
http://www.wikidata.org/entity/Q11466,温度,おんど
http://www.wikidata.org/entity/Q11651,電流,でんりゅう
http://www.wikidata.org/entity/Q12861,火薬,かやく
http://www.wikidata.org/entity/Q12876,戦車,せんしゃ
http://www.wikidata.org/entity/Q13991,四国,しこく
http://www.wikidata.org/entity/Q23406,紅海,こうかい
http://www.wikidata.org/entity/Q23691,国歌,こっか
http://www.wikidata.org/entity/Q24723,童話,どうわ
http://www.wikidata.org/entity/Q28428,百済,くだら
http://www.wikidata.org/entity/Q28511,夫余,ふよ
http://www.wikidata.org/entity/Q36633,売春,ばいしゅん
http://www.wikidata.org/entity/Q37501,眼鏡,めがね
http://www.wikidata.org/entity/Q37707,俳句,はいく
http://www.wikidata.org/entity/Q37756,合金,ごうきん
http://www.wikidata.org/entity/Q43010,石英,せきえい
http://www.wikidata.org/entity/Q94734,宝島,たからしま
http://www.wikidata.org/entity/Q124490,暴力,ぼうりょく
http://www.wikidata.org/entity/Q134737,貴族,きぞく
http://www.wikidata.org/entity/Q139536,馬医,うまい
http://www.wikidata.org/entity/Q140686,会長,かいちょう
http://www.wikidata.org/entity/Q143873,歯車,はぐるま
http://www.wikidata.org/entity/Q153721,京都,きょうと
http://www.wikidata.org/entity/Q156223,年金,ねんきん
http://www.wikidata.org/entity/Q157148,少将,しょうしょう
http://www.wikidata.org/entity/Q158646,主義,しゅぎ
http://www.wikidata.org/entity/Q161936,死神,しにがみ
http://www.wikidata.org/entity/Q162919,印章,いんしょう
http://www.wikidata.org/entity/Q168403,近視,きんし
http://www.wikidata.org/entity/Q170404,査証,さしょう
http://www.wikidata.org/entity/Q181937,易経,えききょう
http://www.wikidata.org/entity/Q184395,海水,かいすい
http://www.wikidata.org/entity/Q185118,宝島,たからしま
http://www.wikidata.org/entity/Q185884,鉄男,てつお
http://www.wikidata.org/entity/Q189004,大学,だいがく
http://www.wikidata.org/entity/Q189533,学位,がくい
http://www.wikidata.org/entity/Q197183,張飛,ちょうひ
http://www.wikidata.org/entity/Q207932,冬至,とうじ
http://www.wikidata.org/entity/Q231700,集合,しゅうごう
http://www.wikidata.org/entity/Q233731,時間,じかん
http://www.wikidata.org/entity/Q243170,文楽,ぶんらく
http://www.wikidata.org/entity/Q285076,朝敵,ちょうてき
http://www.wikidata.org/entity/Q311367,国歌,こっか
http://www.wikidata.org/entity/Q335101,京劇,きょうげき
http://www.wikidata.org/entity/Q335140,河童,かっぱ
http://www.wikidata.org/entity/Q371946,将軍,しょうぐん
http://www.wikidata.org/entity/Q422679,太陽,たいよう
http://www.wikidata.org/entity/Q424857,大字,おおあざ
http://www.wikidata.org/entity/Q452027,幕下,まくした
http://www.wikidata.org/entity/Q452581,君主,くんしゅ
http://www.wikidata.org/entity/Q471993,死神,しにがみ
http://www.wikidata.org/entity/Q472898,乳母,うば
http://www.wikidata.org/entity/Q476112,身長,しんちょう
http://www.wikidata.org/entity/Q551067,北周,ほくしゅう
http://www.wikidata.org/entity/Q607112,三体,さんたい
http://www.wikidata.org/entity/Q625369,愛人,あいじん
http://www.wikidata.org/entity/Q638409,母乳,ぼにゅう
http://www.wikidata.org/entity/Q658486,梅雨,つゆ
http://www.wikidata.org/entity/Q683151,三毒,さんどく
http://www.wikidata.org/entity/Q701746,白起,はくき
http://www.wikidata.org/entity/Q725340,足軽,あしがる
http://www.wikidata.org/entity/Q767929,司教,しきょう
http://www.wikidata.org/entity/Q784426,打率,だりつ
http://www.wikidata.org/entity/Q796897,首相,しゅしょう
http://www.wikidata.org/entity/Q804558,幕末,ばくまつ
http://www.wikidata.org/entity/Q860647,関市,かんし
http://www.wikidata.org/entity/Q875301,厳島,いつくしま
http://www.wikidata.org/entity/Q875313,書経,しょきょう
http://www.wikidata.org/entity/Q956844,大老,たいろう
http://www.wikidata.org/entity/Q1004887,湯治,とうじ
http://www.wikidata.org/entity/Q1045147,補殺,ほさつ
http://www.wikidata.org/entity/Q1062383,説話,せつわ
http://www.wikidata.org/entity/Q1071009,国鳥,こくちょう
http://www.wikidata.org/entity/Q1072166,茶屋,ちゃや
http://www.wikidata.org/entity/Q1124327,馬肉,ばにく
http://www.wikidata.org/entity/Q1139795,国宝,こくほう
http://www.wikidata.org/entity/Q1140647,速球,そっきゅう
http://www.wikidata.org/entity/Q1144855,松島,まつしま
http://www.wikidata.org/entity/Q1181358,厳島,いつくしま
http://www.wikidata.org/entity/Q1189945,電通,でんつう
http://www.wikidata.org/entity/Q1193702,野党,やとう
http://www.wikidata.org/entity/Q1193891,健忘,けんぼう
http://www.wikidata.org/entity/Q1297322,衛星,えいせい
http://www.wikidata.org/entity/Q1316337,破面,はめん
http://www.wikidata.org/entity/Q1326574,死球,しきゅう
http://www.wikidata.org/entity/Q1329805,地頭,じとう
http://www.wikidata.org/entity/Q1378555,混血,こんけつ
http://www.wikidata.org/entity/Q1459905,宇宙,うちゅう
http://www.wikidata.org/entity/Q1588971,初夢,はつゆめ
http://www.wikidata.org/entity/Q1589524,警部,けいぶ
http://www.wikidata.org/entity/Q1727724,呼出,よびだし
http://www.wikidata.org/entity/Q1775415,女性,じょせい
http://www.wikidata.org/entity/Q2075410,的屋,てきや
http://www.wikidata.org/entity/Q2132193,流星,りゅうせい
http://www.wikidata.org/entity/Q2508727,集合,しゅうごう
http://www.wikidata.org/entity/Q2608441,大将,たいしょう
http://www.wikidata.org/entity/Q2613967,中川,なかがわ
http://www.wikidata.org/entity/Q2628117,海軍,かいぐん
http://www.wikidata.org/entity/Q2667755,死神,しにがみ
http://www.wikidata.org/entity/Q2827755,愛人,あいじん
http://www.wikidata.org/entity/Q2883644,洗礼,せんれい
http://www.wikidata.org/entity/Q2984417,黒人,こくじん
http://www.wikidata.org/entity/Q3137529,列強,れっきょう
http://www.wikidata.org/entity/Q3201665,空気,くうき
http://www.wikidata.org/entity/Q3616853,天使,てんし
http://www.wikidata.org/entity/Q3782954,花火,はなび
http://www.wikidata.org/entity/Q4434320,大公,たいこう
http://www.wikidata.org/entity/Q4633585,大隊,だいたい
http://www.wikidata.org/entity/Q4859616,七宝,しっぽう
http://www.wikidata.org/entity/Q4921911,神楽,かぐら
http://www.wikidata.org/entity/Q5209182,大京,だいきょう
http://www.wikidata.org/entity/Q5246665,司祭,しさい
http://www.wikidata.org/entity/Q5308718,近世,きんせい
http://www.wikidata.org/entity/Q5327369,町丁,まちちょう
http://www.wikidata.org/entity/Q5369489,天正,てんしょう
http://www.wikidata.org/entity/Q5520118,登板,とうばん
http://www.wikidata.org/entity/Q5562999,銀河,ぎんが
http://www.wikidata.org/entity/P225,学名,がくめい
http://www.wikidata.org/entity/Q6498507,世界,せかい
http://www.wikidata.org/entity/Q6581097,男性,だんせい
http://www.wikidata.org/entity/Q6883947,混浴,こんよく
http://www.wikidata.org/entity/Q7038679,人間,にんげん
http://www.wikidata.org/entity/Q7435792,行政,ぎょうせい
http://www.wikidata.org/entity/Q7684281,白組,しろぐみ
http://www.wikidata.org/entity/Q7749735,細雪,ささめゆき
http://www.wikidata.org/entity/Q7994501,白人,はくじん
http://www.wikidata.org/entity/Q9131128,連隊,れんたい
http://www.wikidata.org/entity/Q10753560,学名,がくめい
http://www.wikidata.org/entity/P407,言語,げんご
http://www.wikidata.org/entity/Q10855050,改易,かいえき
http://www.wikidata.org/entity/Q10940502,天皇,てんのう
http://www.wikidata.org/entity/Q11087744,明和,めいわ
http://www.wikidata.org/entity/Q11198623,E電,Eでん
http://www.wikidata.org/entity/Q11352524,一宮,いちのみや
http://www.wikidata.org/entity/Q11370382,九星,きゅうせい
http://www.wikidata.org/entity/Q11395612,出島,でじま
http://www.wikidata.org/entity/Q11409689,原泉,げんせん
http://www.wikidata.org/entity/Q11411242,古希,こき
http://www.wikidata.org/entity/Q11420411,国主,こくしゅ
http://www.wikidata.org/entity/Q11446281,女中,じょちゅう
http://www.wikidata.org/entity/Q11488740,得度,とくど
http://www.wikidata.org/entity/Q11499675,敵討,かたきうち
http://www.wikidata.org/entity/Q11516044,月山,がっさん
http://www.wikidata.org/entity/Q11538591,梅田,うめだ
http://www.wikidata.org/entity/Q11539966,森泉,もりいずみ
http://www.wikidata.org/entity/Q11564133,源氏,げんじ
http://www.wikidata.org/entity/Q11571300,犬鳴,いぬなき
http://www.wikidata.org/entity/Q11603406,箱男,はこおとこ
http://www.wikidata.org/entity/Q11608774,美優,みゆ
http://www.wikidata.org/entity/Q11626054,行幸,ぎょうこう
http://www.wikidata.org/entity/Q11635923,赤羽,あかばね
http://www.wikidata.org/entity/Q11653342,文音,あやね
http://www.wikidata.org/entity/Q11746942,冷戦,れいせん
http://www.wikidata.org/entity/Q11902879,首長,しゅちょう
http://www.wikidata.org/entity/Q12599542,氷点,ひょうてん
http://www.wikidata.org/entity/P512,学位,がくい
http://www.wikidata.org/entity/Q13473501,集合,しゅうごう
http://www.wikidata.org/entity/Q13859804,十両,じゅうりょう
http://www.wikidata.org/entity/Q14699093,青春,せいしゅん
http://www.wikidata.org/entity/Q15919268,時間,じかん
http://www.wikidata.org/entity/Q16009153,少将,しょうしょう
http://www.wikidata.org/entity/Q17129727,雲母,うんも
http://www.wikidata.org/entity/Q17157744,時間,じかん
http://www.wikidata.org/entity/Q17222729,雲母,うんも
http://www.wikidata.org/entity/Q17232609,土人,どじん
http://www.wikidata.org/entity/Q17996147,太陽,たいよう
http://www.wikidata.org/entity/Q18110283,軍隊,ぐんたい
http://www.wikidata.org/entity/Q18382802,性別,せいべつ
http://www.wikidata.org/entity/Q18547295,人魚,にんぎょ
http://www.wikidata.org/entity/Q19600733,自由,じゆう
http://www.wikidata.org/entity/Q19788937,写真,しゃしん
http://www.wikidata.org/entity/Q19940089,社長,しゃちょう
http://www.wikidata.org/entity/Q20490227,学校,がっこう
http://www.wikidata.org/entity/P2200,電荷,でんか
http://www.wikidata.org/entity/Q22569356,春望,しゅんぼう
http://www.wikidata.org/entity/Q22814785,王仁,わに
http://www.wikidata.org/entity/Q24886135,売血,ばいけつ
http://www.wikidata.org/entity/Q26000233,中川,なかがわ
http://www.wikidata.org/entity/Q26157631,梅田,うめだ
http://www.wikidata.org/entity/Q26212719,難波,なんば
http://www.wikidata.org/entity/Q26231294,大和,やまと
http://www.wikidata.org/entity/Q27242713,一宮,いちのみや
http://www.wikidata.org/entity/Q28690849,黒船,くろふね
http://www.wikidata.org/entity/Q28691392,自由,じゆう
http://www.wikidata.org/entity/Q28692623,総軍,そうぐん
http://www.wikidata.org/entity/Q29425495,地球,ちきゅう
http://www.wikidata.org/entity/Q38745428,十王,じゅうおう
http://www.wikidata.org/entity/Q38746425,白山,はくさん
http://www.wikidata.org/entity/Q40004779,宇宙,うちゅう
http://www.wikidata.org/entity/Q40160947,武士,ぶし
http://www.wikidata.org/entity/Q48749144,化石,かせき
http://www.wikidata.org/entity/Q48764846,深海,しんかい
http://www.wikidata.org/entity/Q48765289,東京,とうきょう
http://www.wikidata.org/entity/Q49150201,中黒,なかぐろ
http://www.wikidata.org/entity/Q49333375,松島,まつしま
http://www.wikidata.org/entity/Q49657589,松島,まつしま
http://www.wikidata.org/entity/Q53841787,時間,じかん
http://www.wikidata.org/entity/Q54810596,三体,さんたい
http://www.wikidata.org/entity/Q56350981,重奏,じゅうそう
http://www.wikidata.org/entity/Q63455810,令和,れいわ
http://www.wikidata.org/entity/Q65679974,夏子,なつこ
http://www.wikidata.org/entity/Q67178328,学校,がっこう
http://www.wikidata.org/entity/Q69906104,暴力,ぼうりょく
http://www.wikidata.org/entity/Q73719464,天才,てんさい
http://www.wikidata.org/entity/Q76456403,学校,がっこう
http://www.wikidata.org/entity/Q83698907,地球,ちきゅう
http://www.wikidata.org/entity/Q86730031,鳥居,とりい
http://www.wikidata.org/entity/Q86742923,空港,くうこう
http://www.wikidata.org/entity/Q88916178,太陽,たいよう
http://www.wikidata.org/entity/Q90032927,神宮,じんぐう
http://www.wikidata.org/entity/Q90033351,大関,おおぜき
http://www.wikidata.org/entity/Q90035041,中川,なかがわ
http://www.wikidata.org/entity/Q97341316,大学,だいがく
http://www.wikidata.org/entity/Q105153544,真人,まさと
http://www.wikidata.org/entity/Q106477978,助六,すけろく
http://www.wikidata.org/entity/Q106478954,助六,すけろく
http://www.wikidata.org/entity/Q107315800,松島,まつしま
http://www.wikidata.org/entity/Q108069491,史記,しき
http://www.wikidata.org/entity/Q108778767,人魚,にんぎょ
http://www.wikidata.org/entity/Q110150707,白山,はくさん
http://www.wikidata.org/entity/Q110961788,人権,じんけん
http://www.wikidata.org/entity/Q112233695,守護,しゅご
http://www.wikidata.org/entity/Q112767987,銀座,ぎんざ
http://www.wikidata.org/entity/Q193,土星,どせい
http://www.wikidata.org/entity/Q309,歴史,れきし
http://www.wikidata.org/entity/Q315,言語,げんご
http://www.wikidata.org/entity/Q729,動物,どうぶつ
http://www.wikidata.org/entity/Q1364,果実,かじつ
http://www.wikidata.org/entity/Q3887,日食,にっしょく
http://www.wikidata.org/entity/Q4262,電波,でんぱ
http://www.wikidata.org/entity/Q7087,意識,いしき
http://www.wikidata.org/entity/Q7275,国家,こっか
http://www.wikidata.org/entity/Q8434,教育,きょういく
http://www.wikidata.org/entity/Q9384,精巣,せいそう
http://www.wikidata.org/entity/Q9415,感情,かんじょう
http://www.wikidata.org/entity/Q10737,自殺,じさつ
http://www.wikidata.org/entity/Q11197,対数,たいすう
http://www.wikidata.org/entity/Q11424,映画,えいが
http://www.wikidata.org/entity/Q12117,穀物,こくもつ
http://www.wikidata.org/entity/Q12725,電気,でんき
http://www.wikidata.org/entity/Q13987,九州,きゅうしゅう
http://www.wikidata.org/entity/Q22728,母乳,ぼにゅう
http://www.wikidata.org/entity/Q26962,夏菜,かな
http://www.wikidata.org/entity/Q31625,麦茶,むぎちゃ
http://www.wikidata.org/entity/Q33384,方言,ほうげん
http://www.wikidata.org/entity/Q34770,言語,げんご
http://www.wikidata.org/entity/Q37151,孫武,そんぶ
http://www.wikidata.org/entity/Q37960,黄海,こうかい
http://www.wikidata.org/entity/Q37979,明仁,あきひと
http://www.wikidata.org/entity/Q41710,民族,みんぞく
http://www.wikidata.org/entity/Q47064,軍人,ぐんじん
http://www.wikidata.org/entity/Q50053,連星,れんせい
http://www.wikidata.org/entity/Q59126,小説,しょうせつ
http://www.wikidata.org/entity/Q60523,神職,しんしょく
http://www.wikidata.org/entity/Q83460,将軍,しょうぐん
http://www.wikidata.org/entity/Q102538,中隊,ちゅうたい
http://www.wikidata.org/entity/Q120676,太刀,たち
http://www.wikidata.org/entity/Q127933,花火,はなび
http://www.wikidata.org/entity/Q131772,春節,しゅんせつ
http://www.wikidata.org/entity/Q161179,顔料,がんりょう
http://www.wikidata.org/entity/Q175966,京都,きょうと
http://www.wikidata.org/entity/Q182290,税関,ぜいかん
http://www.wikidata.org/entity/Q187916,競馬,けいば
http://www.wikidata.org/entity/Q189290,士官,しかん
http://www.wikidata.org/entity/Q198763,下着,したぎ
http://www.wikidata.org/entity/Q208233,天皇,てんのう
http://www.wikidata.org/entity/Q210392,戦死,せんし
http://www.wikidata.org/entity/Q215010,大和,やまと
http://www.wikidata.org/entity/Q222797,関羽,かんう
http://www.wikidata.org/entity/Q223867,脳死,のうし
http://www.wikidata.org/entity/Q232623,人間,にんげん
http://www.wikidata.org/entity/Q232924,星座,せいざ
http://www.wikidata.org/entity/Q234510,平成,へいせい
http://www.wikidata.org/entity/Q246658,干支,えと
http://www.wikidata.org/entity/Q277621,回天,かいてん
http://www.wikidata.org/entity/Q304673,小隊,しょうたい
http://www.wikidata.org/entity/Q307066,東周,とうしゅう
http://www.wikidata.org/entity/Q313327,孫権,そんけん
http://www.wikidata.org/entity/Q373562,火星,かせい
http://www.wikidata.org/entity/Q373984,補色,ほしょく
http://www.wikidata.org/entity/Q428873,屋号,やごう
http://www.wikidata.org/entity/Q463754,重陽,ちょうよう
http://www.wikidata.org/entity/Q468516,詩人,しじん
http://www.wikidata.org/entity/Q478110,都市,とし
http://www.wikidata.org/entity/Q481303,大将,たいしょう
http://www.wikidata.org/entity/Q483373,電車,でんしゃ
http://www.wikidata.org/entity/Q495688,海神,うみがみ
http://www.wikidata.org/entity/Q543930,良源,りょうげん
http://www.wikidata.org/entity/Q572662,旗本,はたもと
http://www.wikidata.org/entity/Q610409,国花,こっか
http://www.wikidata.org/entity/Q612101,七草,ななくさ
http://www.wikidata.org/entity/Q626013,食客,しょっかく
http://www.wikidata.org/entity/Q633235,首相,しゅしょう
http://www.wikidata.org/entity/Q637846,上院,じょういん
http://www.wikidata.org/entity/Q669458,陛下,へいか
http://www.wikidata.org/entity/Q742466,幼名,ようみょう
http://www.wikidata.org/entity/Q746573,原宿,はらじゅく
http://www.wikidata.org/entity/Q753880,女真,じょしん
http://www.wikidata.org/entity/Q769323,宗家,そうけ
http://www.wikidata.org/entity/Q835143,天国,てんごく
http://www.wikidata.org/entity/Q844466,焼肉,やきにく
http://www.wikidata.org/entity/Q887176,君主,くんしゅ
http://www.wikidata.org/entity/Q918499,和弓,わゆみ
http://www.wikidata.org/entity/Q952591,月山,がっさん
http://www.wikidata.org/entity/Q997380,武豊,たけとよ
http://www.wikidata.org/entity/Q1051623,五感,ごかん
http://www.wikidata.org/entity/Q1053885,半旗,はんき
http://www.wikidata.org/entity/Q1067610,閣下,かっか
http://www.wikidata.org/entity/Q1075406,難波,なんば
http://www.wikidata.org/entity/Q1078632,九曜,くよう
http://www.wikidata.org/entity/Q1147037,後漢,ごかん
http://www.wikidata.org/entity/Q1150212,犬神,いぬがみ
http://www.wikidata.org/entity/Q1185237,松島,まつしま
http://www.wikidata.org/entity/Q1185471,厳島,いつくしま
http://www.wikidata.org/entity/Q1191007,立夏,りっか
http://www.wikidata.org/entity/Q1192450,六道,りくどう
http://www.wikidata.org/entity/Q1194307,梅田,うめだ
http://www.wikidata.org/entity/Q1195257,愛人,あいじん
http://www.wikidata.org/entity/Q1197864,火山,かざん
http://www.wikidata.org/entity/Q1198163,南明,なんめい
http://www.wikidata.org/entity/Q1199966,関白,かんぱく
http://www.wikidata.org/entity/Q1200436,秋分,しゅうぶん
http://www.wikidata.org/entity/Q1248784,空港,くうこう
http://www.wikidata.org/entity/Q1325358,大寒,だいかん
http://www.wikidata.org/entity/Q1331128,使徒,しと
http://www.wikidata.org/entity/Q1336124,将軍,しょうぐん
http://www.wikidata.org/entity/Q1340222,六道,りくどう
http://www.wikidata.org/entity/Q1351234,国司,くにじ
http://www.wikidata.org/entity/Q1362210,首相,しゅしょう
http://www.wikidata.org/entity/Q1364713,雨水,あまみず
http://www.wikidata.org/entity/Q1373146,文化,ぶんか
http://www.wikidata.org/entity/Q1377879,枝豆,えだまめ
http://www.wikidata.org/entity/Q1438918,女性,じょせい
http://www.wikidata.org/entity/Q1524712,星雲,せいうん
http://www.wikidata.org/entity/Q1543753,黒幕,くろまく
http://www.wikidata.org/entity/Q1668151,約物,やくもの
http://www.wikidata.org/entity/Q1679621,冬至,とうじ
http://www.wikidata.org/entity/Q1757956,和牛,わぎゅう
http://www.wikidata.org/entity/Q1896657,原子,げんし
http://www.wikidata.org/entity/Q1927744,梅酒,うめしゅ
http://www.wikidata.org/entity/Q1976861,革命,かくめい
http://www.wikidata.org/entity/Q2085736,世界,せかい
http://www.wikidata.org/entity/Q2102452,夢精,むせい
http://www.wikidata.org/entity/Q2220856,死国,しこく
http://www.wikidata.org/entity/Q2267217,節句,せっく
http://www.wikidata.org/entity/Q2351119,緑青,ろくしょう
http://www.wikidata.org/entity/Q2380748,由規,ゆき
http://www.wikidata.org/entity/Q2560242,刀語,かたなご
http://www.wikidata.org/entity/Q2660648,総裁,そうさい
http://www.wikidata.org/entity/Q2719946,側室,そくしつ
http://www.wikidata.org/entity/Q2723523,金星,きんせい
http://www.wikidata.org/entity/Q2727289,力士,りきし
http://www.wikidata.org/entity/Q2736887,中国,ちゅうごく
http://www.wikidata.org/entity/Q2865305,商社,しょうしゃ
http://www.wikidata.org/entity/Q2977103,立山,たてやま
http://www.wikidata.org/entity/Q3036983,整数,せいすう
http://www.wikidata.org/entity/Q3101194,関取,せきとり
http://www.wikidata.org/entity/Q3153802,犬神,いぬがみ
http://www.wikidata.org/entity/Q3280545,少将,しょうしょう
http://www.wikidata.org/entity/Q3510838,上院,じょういん
http://www.wikidata.org/entity/Q3754526,行政,ぎょうせい
http://www.wikidata.org/entity/Q4022535,夜王,よるおう
http://www.wikidata.org/entity/P38,通貨,つうか
http://www.wikidata.org/entity/Q4241517,血液,けつえき
http://www.wikidata.org/entity/Q4349866,事件,じけん
http://www.wikidata.org/entity/Q4402718,略字,りゃくじ
http://www.wikidata.org/entity/Q4460568,首相,しゅしょう
http://www.wikidata.org/entity/Q4481153,方言,ほうげん
http://www.wikidata.org/entity/Q5189833,原油,げんゆ
http://www.wikidata.org/entity/Q5368469,興和,こうわ
http://www.wikidata.org/entity/Q5372424,官位,かんい
http://www.wikidata.org/entity/Q5617115,国学,こくがく
http://www.wikidata.org/entity/Q6581072,女性,じょせい
http://www.wikidata.org/entity/Q6675242,少女,しょうじょ
http://www.wikidata.org/entity/Q6849827,三貴,みき
http://www.wikidata.org/entity/Q7304517,赤毛,あかげ
http://www.wikidata.org/entity/Q7686089,歴史,れきし
http://www.wikidata.org/entity/Q7741682,事件,じけん
http://www.wikidata.org/entity/Q7748779,小説,しょうせつ
http://www.wikidata.org/entity/Q7813355,便所,べんじょ
http://www.wikidata.org/entity/Q8010730,外局,がいきょく
http://www.wikidata.org/entity/Q8075081,図研,ずけん
http://www.wikidata.org/entity/Q8084115,漢字,かんじ
http://www.wikidata.org/entity/Q8084122,白山,はくさん
http://www.wikidata.org/entity/Q10426855,男組,おとこぐみ
http://www.wikidata.org/entity/Q10856417,竹島,たけしま
http://www.wikidata.org/entity/Q10856419,竹島,たけしま
http://www.wikidata.org/entity/Q10876841,中風,ちゅうぶう
http://www.wikidata.org/entity/Q11060547,幕府,ばくふ
http://www.wikidata.org/entity/Q11239464,馬主,ばしゅ
http://www.wikidata.org/entity/Q11361230,下町,したまち
http://www.wikidata.org/entity/Q11368764,主査,しゅさ
http://www.wikidata.org/entity/Q11405606,千束,せんぞく
http://www.wikidata.org/entity/Q11442230,天使,てんし
http://www.wikidata.org/entity/Q11448123,学制,がくせい
http://www.wikidata.org/entity/Q11452076,官位,かんい
http://www.wikidata.org/entity/Q11452651,宝石,ほうせき
http://www.wikidata.org/entity/Q11453500,宮司,ぐうじ
http://www.wikidata.org/entity/Q11470974,山車,だし
http://www.wikidata.org/entity/Q11481300,常世,とこよ
http://www.wikidata.org/entity/Q11486171,座頭,ざとう
http://www.wikidata.org/entity/Q11501780,新宿,しんじゅく
http://www.wikidata.org/entity/Q11502024,新島,にいじま
http://www.wikidata.org/entity/Q11530093,松島,まつしま
http://www.wikidata.org/entity/Q11532841,林修,はやしおさむ
http://www.wikidata.org/entity/Q11546816,歯車,はぐるま
http://www.wikidata.org/entity/Q11555350,法要,ほうよう
http://www.wikidata.org/entity/Q11559090,海神,うみがみ
http://www.wikidata.org/entity/Q11563501,湯女,ゆな
http://www.wikidata.org/entity/Q11566931,火消,ひけし
http://www.wikidata.org/entity/Q11578395,界王,かいおう
http://www.wikidata.org/entity/Q11579538,白山,はくさん
http://www.wikidata.org/entity/Q11612081,能面,のうめん
http://www.wikidata.org/entity/Q11626731,裏会,うらかい
http://www.wikidata.org/entity/Q11639555,通名,とおりめい
http://www.wikidata.org/entity/Q11649966,銀座,ぎんざ
http://www.wikidata.org/entity/P470,八旗,はちはた
http://www.wikidata.org/entity/Q12604744,神話,しんわ
http://www.wikidata.org/entity/Q12617481,竹島,たけしま
http://www.wikidata.org/entity/Q13416336,水神,すいじん
http://www.wikidata.org/entity/Q15055812,税関,ぜいかん
http://www.wikidata.org/entity/Q15928216,電車,でんしゃ
http://www.wikidata.org/entity/Q16262175,茶屋,ちゃや
http://www.wikidata.org/entity/Q17214021,社家,しゃけ
http://www.wikidata.org/entity/Q17502985,音楽,おんがく
http://www.wikidata.org/entity/Q18226098,勝信,かつのぶ
http://www.wikidata.org/entity/Q18362440,憲兵,けんぺい
http://www.wikidata.org/entity/Q18410610,灯油,とうゆ
http://www.wikidata.org/entity/Q18457569,原宿,はらじゅく
http://www.wikidata.org/entity/Q18458524,林修,はやしおさむ
http://www.wikidata.org/entity/Q18458700,毒親,どくおや
http://www.wikidata.org/entity/P2076,温度,おんど
http://www.wikidata.org/entity/Q26000235,中川,なかがわ
http://www.wikidata.org/entity/Q26157538,中原,なかはら
http://www.wikidata.org/entity/Q26231336,大和,やまと
http://www.wikidata.org/entity/Q26437022,大関,おおぜき
http://www.wikidata.org/entity/Q26447191,竹島,たけしま
http://www.wikidata.org/entity/Q26449058,大本,おおもと
http://www.wikidata.org/entity/Q27237746,光永,みつなが
http://www.wikidata.org/entity/Q27237748,光永,みつなが
http://www.wikidata.org/entity/Q27242881,白山,はくさん
http://www.wikidata.org/entity/Q27263710,神宮,じんぐう
http://www.wikidata.org/entity/Q27263743,神宮,じんぐう
http://www.wikidata.org/entity/Q28914848,七夕,たなばた
http://www.wikidata.org/entity/P4020,次元,じげん
http://www.wikidata.org/entity/Q30941539,行幸,ぎょうこう
http://www.wikidata.org/entity/Q38744035,飛地,とびち
http://www.wikidata.org/entity/Q41863069,軍神,ぐんしん
http://www.wikidata.org/entity/Q47092508,百済,くだら
http://www.wikidata.org/entity/Q49657562,松島,まつしま
http://www.wikidata.org/entity/Q49677043,桜島,さくらしま
http://www.wikidata.org/entity/Q55272343,画像,がぞう
http://www.wikidata.org/entity/Q56344970,立山,たてやま
http://www.wikidata.org/entity/Q56348869,美学,びがく
http://www.wikidata.org/entity/Q61395670,武家,ぶけ
http://www.wikidata.org/entity/P6902,元号,げんごう
http://www.wikidata.org/entity/Q65249162,六法,ろっぽう
http://www.wikidata.org/entity/Q69431389,犯罪,はんざい
http://www.wikidata.org/entity/Q77260937,学校,がっこう
http://www.wikidata.org/entity/Q83697788,地球,ちきゅう
http://www.wikidata.org/entity/Q90033181,梅田,うめだ
http://www.wikidata.org/entity/Q90035026,白山,はくさん
http://www.wikidata.org/entity/Q108218744,総裁,そうさい
http://www.wikidata.org/entity/Q108558640,雨穴,あめあな
http://www.wikidata.org/entity/Q108882869,音楽,おんがく
http://www.wikidata.org/entity/Q110420017,刀語,かたなご
http://www.wikidata.org/entity/Q110941455,公家,くげ
http://www.wikidata.org/entity/Q112189385,空港,くうこう
http://www.wikidata.org/entity/Q112233636,守護,しゅご
http://www.wikidata.org/entity/Q116,君主,くんしゅ
http://www.wikidata.org/entity/Q525,太陽,たいよう
http://www.wikidata.org/entity/Q531,光年,こうねん
http://www.wikidata.org/entity/Q1072,心臓,しんぞう
http://www.wikidata.org/entity/Q2537,衛星,えいせい
http://www.wikidata.org/entity/Q3031,少女,しょうじょ
http://www.wikidata.org/entity/Q3198,光子,こうし
http://www.wikidata.org/entity/Q7204,中東,ちゅうとう
http://www.wikidata.org/entity/Q7278,政党,せいとう
http://www.wikidata.org/entity/Q7427,西夏,せいか
http://www.wikidata.org/entity/Q8683,冷戦,れいせん
http://www.wikidata.org/entity/Q9134,神話,しんわ
http://www.wikidata.org/entity/Q10931,革命,かくめい
http://www.wikidata.org/entity/Q10990,食肉,しょくにく
http://www.wikidata.org/entity/Q11072,健忘,けんぼう
http://www.wikidata.org/entity/Q11344,元素,げんそ
http://www.wikidata.org/entity/Q11451,農業,のうぎょう
http://www.wikidata.org/entity/Q11457,木綿,もめん
http://www.wikidata.org/entity/Q11629,絵画,かいが
http://www.wikidata.org/entity/Q11635,演劇,えんげき
http://www.wikidata.org/entity/Q22656,石油,せきゆ
http://www.wikidata.org/entity/Q23852,人体,じんたい
http://www.wikidata.org/entity/Q26530,正祖,せいそ
http://www.wikidata.org/entity/Q30185,首長,しゅちょう
http://www.wikidata.org/entity/Q33829,人口,じんこう
http://www.wikidata.org/entity/Q34095,青銅,せいどう
http://www.wikidata.org/entity/Q35666,氷河,ひょうが
http://www.wikidata.org/entity/Q41083,梅毒,ばいどく
http://www.wikidata.org/entity/Q42225,極東,きょくとう
http://www.wikidata.org/entity/Q44914,数独,すうどく
http://www.wikidata.org/entity/Q46221,電場,でんば
http://www.wikidata.org/entity/Q49144,天守,てんしゅ
http://www.wikidata.org/entity/Q52051,対馬,つしま
http://www.wikidata.org/entity/Q52371,連隊,れんたい
http://www.wikidata.org/entity/Q53842,黒潮,くろしお
http://www.wikidata.org/entity/Q79894,点字,てんじ
http://www.wikidata.org/entity/Q80687,秘書,ひしょ
http://www.wikidata.org/entity/Q83345,割礼,かつれい
http://www.wikidata.org/entity/Q104309,白軍,はくぐん
http://www.wikidata.org/entity/Q109866,求肥,ぎゅうひ
http://www.wikidata.org/entity/Q131288,移民,いみん
http://www.wikidata.org/entity/Q153378,平成,へいせい
http://www.wikidata.org/entity/Q154902,東京,とうきょう
http://www.wikidata.org/entity/Q161249,乳酸,にゅうさん
http://www.wikidata.org/entity/Q169207,差別,さべつ
http://www.wikidata.org/entity/Q170537,風水,ふうすい
http://www.wikidata.org/entity/Q182559,人魚,にんぎょ
http://www.wikidata.org/entity/Q183573,回族,かいぞく
http://www.wikidata.org/entity/Q183816,修士,しゅうし
http://www.wikidata.org/entity/Q184186,原罪,げんざい
http://www.wikidata.org/entity/Q186516,国旗,こっき
http://www.wikidata.org/entity/Q188447,電線,でんせん
http://www.wikidata.org/entity/Q190277,中原,なかはら
http://www.wikidata.org/entity/Q201487,日活,にっかつ
http://www.wikidata.org/entity/Q202391,競歩,きょうほ
http://www.wikidata.org/entity/Q208607,功夫,いさお
http://www.wikidata.org/entity/Q310751,紅海,こうかい
http://www.wikidata.org/entity/Q315553,原敬,はらたかし
http://www.wikidata.org/entity/Q329174,大正,たいしょう
http://www.wikidata.org/entity/Q334445,大隊,だいたい
http://www.wikidata.org/entity/Q340803,八旗,はちはた
http://www.wikidata.org/entity/Q372468,雪女,ゆきおんな
http://www.wikidata.org/entity/Q482722,王仁,わに
http://www.wikidata.org/entity/Q499327,男性,だんせい
http://www.wikidata.org/entity/Q500681,皇居,こうきょ
http://www.wikidata.org/entity/Q568946,駅弁,えきべん
http://www.wikidata.org/entity/Q589237,天使,てんし
http://www.wikidata.org/entity/Q597663,宇宙,うちゅう
http://www.wikidata.org/entity/Q640673,戦争,せんそう
http://www.wikidata.org/entity/Q701326,張良,ちょうりょう
http://www.wikidata.org/entity/Q720644,浅草,あさくさ
http://www.wikidata.org/entity/Q738793,軍刀,ぐんとう
http://www.wikidata.org/entity/Q773214,十手,じゅって
http://www.wikidata.org/entity/Q774176,競輪,けいりん
http://www.wikidata.org/entity/Q831137,天皇,てんのう
http://www.wikidata.org/entity/Q836198,新宿,しんじゅく
http://www.wikidata.org/entity/Q837262,花火,はなび
http://www.wikidata.org/entity/Q837313,社会,しゃかい
http://www.wikidata.org/entity/Q842563,氷青,こおりあお
http://www.wikidata.org/entity/Q843533,乳輪,にゅうりん
http://www.wikidata.org/entity/Q843806,説話,せつわ
http://www.wikidata.org/entity/Q859955,国人,くにびと
http://www.wikidata.org/entity/Q877913,団子,だんご
http://www.wikidata.org/entity/Q898921,境線,さかいせん
http://www.wikidata.org/entity/Q1058795,体液,たいえき
http://www.wikidata.org/entity/Q1072949,前漢,ぜんかん
http://www.wikidata.org/entity/Q1074150,幕府,ばくふ
http://www.wikidata.org/entity/Q1102226,七宝,しっぽう
http://www.wikidata.org/entity/Q1136943,黒船,くろふね
http://www.wikidata.org/entity/Q1137062,馬雲,うまくも
http://www.wikidata.org/entity/Q1142558,黄泉,よみ
http://www.wikidata.org/entity/Q1147873,処暑,しょしょ
http://www.wikidata.org/entity/Q1169095,神話,しんわ
http://www.wikidata.org/entity/Q1191138,五穀,ごこく
http://www.wikidata.org/entity/Q1194121,天明,てんめい
http://www.wikidata.org/entity/Q1201472,戦後,せんご
http://www.wikidata.org/entity/Q1272718,道鏡,どうきょう
http://www.wikidata.org/entity/Q1304426,長巻,ちょうかん
http://www.wikidata.org/entity/Q1316445,家老,かろう
http://www.wikidata.org/entity/Q1325419,元治,げんじ
http://www.wikidata.org/entity/Q1327357,漢服,かんふく
http://www.wikidata.org/entity/Q1332242,東急,とうきゅう
http://www.wikidata.org/entity/Q1355439,司教,しきょう
http://www.wikidata.org/entity/Q1396900,中将,ちゅうじょう
http://www.wikidata.org/entity/Q1474187,海神,うみがみ
http://www.wikidata.org/entity/Q1480213,助詞,じょし
http://www.wikidata.org/entity/Q1516405,白夜,びゃくや
http://www.wikidata.org/entity/Q1629088,国府,こう
http://www.wikidata.org/entity/Q1716124,国道,こくどう
http://www.wikidata.org/entity/Q1767692,母親,ははおや
http://www.wikidata.org/entity/Q1786531,精通,せいつう
http://www.wikidata.org/entity/Q1967278,国道,こくどう
http://www.wikidata.org/entity/Q2046665,中将,ちゅうじょう
http://www.wikidata.org/entity/Q2117711,上院,じょういん
http://www.wikidata.org/entity/Q2259532,司祭,しさい
http://www.wikidata.org/entity/Q2363557,花火,はなび
http://www.wikidata.org/entity/Q2406940,円空,えんくう
http://www.wikidata.org/entity/Q2471478,対馬,つしま
http://www.wikidata.org/entity/Q2585519,見島,けんしま
http://www.wikidata.org/entity/Q2901547,焼売,しゅーまい
http://www.wikidata.org/entity/Q2986426,国宝,こくほう
http://www.wikidata.org/entity/Q3232745,化石,かせき
http://www.wikidata.org/entity/Q3241972,文字,もじ
http://www.wikidata.org/entity/Q3254959,人種,じんしゅ
http://www.wikidata.org/entity/Q3297843,修士,しゅうし
http://www.wikidata.org/entity/Q3661964,銀座,ぎんざ
http://www.wikidata.org/entity/Q4357164,同心,どうしん
http://www.wikidata.org/entity/Q4390090,大映,だいえい
http://www.wikidata.org/entity/Q4440864,次元,じげん
http://www.wikidata.org/entity/Q4620674,性器,せいき
http://www.wikidata.org/entity/Q4753398,時間,じかん
http://www.wikidata.org/entity/Q4807592,朝臣,あそん
http://www.wikidata.org/entity/Q4826802,選挙,せんきょ
http://www.wikidata.org/entity/Q5368942,天保,てんぽう
http://www.wikidata.org/entity/Q5443441,風神,ふうじん
http://www.wikidata.org/entity/Q6382533,大隊,だいたい
http://www.wikidata.org/entity/Q6451216,中将,ちゅうじょう
http://www.wikidata.org/entity/Q6785193,修士,しゅうし
http://www.wikidata.org/entity/Q7333911,里歩,りほ
http://www.wikidata.org/entity/Q7827817,年寄,としより
http://www.wikidata.org/entity/Q8525293,白山,はくさん
http://www.wikidata.org/entity/Q9095836,電波,でんぱ
http://www.wikidata.org/entity/Q9335294,洗礼,せんれい
http://www.wikidata.org/entity/Q10833317,武士,ぶし
http://www.wikidata.org/entity/Q11376196,人間,にんげん
http://www.wikidata.org/entity/Q11388480,光永,みつなが
http://www.wikidata.org/entity/Q11397015,刻刻,こくこく
http://www.wikidata.org/entity/Q11433349,大名,だいみょう
http://www.wikidata.org/entity/Q11458578,将校,しょうこう
http://www.wikidata.org/entity/Q11487867,形代,かたしろ
http://www.wikidata.org/entity/Q11540942,検校,けんぎょう
http://www.wikidata.org/entity/Q11556779,流鉄,りゅうてつ
http://www.wikidata.org/entity/Q11582848,真人,まさと
http://www.wikidata.org/entity/Q11583191,真打,しんうち
http://www.wikidata.org/entity/Q11591025,神階,しんかい
http://www.wikidata.org/entity/Q11637440,軍神,ぐんしん
http://www.wikidata.org/entity/Q12601604,石油,せきゆ
http://www.wikidata.org/entity/Q12758374,親族,しんぞく
http://www.wikidata.org/entity/Q12889843,春分,しゅんぶん
http://www.wikidata.org/entity/Q13391392,士業,しぎょう
http://www.wikidata.org/entity/Q15663789,東京,とうきょう
http://www.wikidata.org/entity/Q16200341,張良,ちょうりょう
http://www.wikidata.org/entity/Q16250761,自由,じゆう
http://www.wikidata.org/entity/Q17081909,暗殺,あんさつ
http://www.wikidata.org/entity/Q17157689,学校,がっこう
http://www.wikidata.org/entity/Q17219001,白夜,びゃくや
http://www.wikidata.org/entity/Q17223941,大和,やまと
http://www.wikidata.org/entity/Q17238987,一宮,いちのみや
http://www.wikidata.org/entity/Q17488164,七草,ななくさ
http://www.wikidata.org/entity/Q18024342,春望,しゅんぼう
http://www.wikidata.org/entity/Q18029734,国歌,こっか
http://www.wikidata.org/entity/Q18383546,行列,ぎょうれつ
http://www.wikidata.org/entity/Q18458527,林修,はやしおさむ
http://www.wikidata.org/entity/Q19317584,周庭,しゅうにわ
http://www.wikidata.org/entity/Q19801741,暗殺,あんさつ
http://www.wikidata.org/entity/Q20038222,大本,おおもと
http://www.wikidata.org/entity/Q20044089,黒潮,くろしお
http://www.wikidata.org/entity/P2054,密度,みつど
http://www.wikidata.org/entity/Q22125560,神宿,かみやど
http://www.wikidata.org/entity/Q23947270,少女,しょうじょ
http://www.wikidata.org/entity/Q24890157,間組,はざまぐみ
http://www.wikidata.org/entity/Q25339110,教授,きょうじゅ
http://www.wikidata.org/entity/Q26000735,中原,なかはら
http://www.wikidata.org/entity/Q26212718,難波,なんば
http://www.wikidata.org/entity/Q26437017,大関,おおぜき
http://www.wikidata.org/entity/Q26437483,対馬,つしま
http://www.wikidata.org/entity/Q26449054,大本,おおもと
http://www.wikidata.org/entity/Q27157565,立山,たてやま
http://www.wikidata.org/entity/Q27242940,新島,にいじま
http://www.wikidata.org/entity/Q27263738,神宮,じんぐう
http://www.wikidata.org/entity/Q27500846,自由,じゆう
http://www.wikidata.org/entity/Q27777837,黄色,きいろ
http://www.wikidata.org/entity/Q27795753,国宝,こくほう
http://www.wikidata.org/entity/Q28414859,大社,たいしゃ
http://www.wikidata.org/entity/Q28692557,灯油,とうゆ
http://www.wikidata.org/entity/Q29383577,空気,くうき
http://www.wikidata.org/entity/Q30926638,男組,おとこぐみ
http://www.wikidata.org/entity/Q34632576,真人,まさと
http://www.wikidata.org/entity/Q45184195,三界,さんがい
http://www.wikidata.org/entity/Q47277924,春望,しゅんぼう
http://www.wikidata.org/entity/Q49657559,松島,まつしま
http://www.wikidata.org/entity/Q49657582,松島,まつしま
http://www.wikidata.org/entity/Q55521208,常世,とこよ
http://www.wikidata.org/entity/Q55731317,家族,かぞく
http://www.wikidata.org/entity/Q60260150,集合,しゅうごう
http://www.wikidata.org/entity/Q60260165,集合,しゅうごう
http://www.wikidata.org/entity/Q60260901,体液,たいえき
http://www.wikidata.org/entity/Q60457674,五常,ごじょう
http://www.wikidata.org/entity/Q65290550,鉄道,てつどう
http://www.wikidata.org/entity/Q65290690,銀座,ぎんざ
http://www.wikidata.org/entity/Q69431229,暴力,ぼうりょく
http://www.wikidata.org/entity/Q79728567,深海,しんかい
http://www.wikidata.org/entity/Q90033191,大和,やまと
http://www.wikidata.org/entity/Q93278974,氷点,ひょうてん
http://www.wikidata.org/entity/Q93291367,山菜,さんさい
http://www.wikidata.org/entity/Q97188076,大丸,だいまる
http://www.wikidata.org/entity/Q97202358,大将,たいしょう
http://www.wikidata.org/entity/Q101186473,大都,だいと
http://www.wikidata.org/entity/Q102178797,難波,なんば
http://www.wikidata.org/entity/Q102247771,金星,きんせい
http://www.wikidata.org/entity/Q107352034,化石,かせき
http://www.wikidata.org/entity/Q108110519,関厚,かんあつし
http://www.wikidata.org/entity/Q109350311,道徳,どうとく
http://www.wikidata.org/entity/Q111513390,黄泉,よみ
http://www.wikidata.org/entity/Q629,酸素,さんそ
http://www.wikidata.org/entity/Q748,仏教,ぶっきょう
http://www.wikidata.org/entity/Q1845,聖書,せいしょ
http://www.wikidata.org/entity/Q7163,政治,せいじ
http://www.wikidata.org/entity/Q7569,子供,こども
http://www.wikidata.org/entity/Q8201,漢字,かんじ
http://www.wikidata.org/entity/Q9121,原子,げんし
http://www.wikidata.org/entity/Q9598,道教,どうきょう
http://www.wikidata.org/entity/Q9612,子宮,しきゅう
http://www.wikidata.org/entity/Q11206,憲法,けんぽう
http://www.wikidata.org/entity/Q11412,重力,じゅうりょく
http://www.wikidata.org/entity/Q12171,月経,げっけい
http://www.wikidata.org/entity/Q12503,整数,せいすう
http://www.wikidata.org/entity/Q12554,中世,ちゅうせい
http://www.wikidata.org/entity/Q14212,首相,しゅしょう
http://www.wikidata.org/entity/Q15331,治具,じぐ
http://www.wikidata.org/entity/Q16502,世界,せかい
http://www.wikidata.org/entity/Q17160,回虫,かいちゅう
http://www.wikidata.org/entity/Q23538,赤道,せきどう
http://www.wikidata.org/entity/Q23718,方位,ほうい
http://www.wikidata.org/entity/Q25235,時間,じかん
http://www.wikidata.org/entity/Q25322,北極,ほっきょく
http://www.wikidata.org/entity/Q29171,歩兵,ほへい
http://www.wikidata.org/entity/Q29520,中国,ちゅうごく
http://www.wikidata.org/entity/Q32483,文字,もじ
http://www.wikidata.org/entity/Q34414,裏窓,うらまど
http://www.wikidata.org/entity/Q35986,美学,びがく
http://www.wikidata.org/entity/Q37726,陸軍,りくぐん
http://www.wikidata.org/entity/Q38423,軽油,けいゆ
http://www.wikidata.org/entity/Q42603,司祭,しさい
http://www.wikidata.org/entity/Q43115,聖人,せいじん
http://www.wikidata.org/entity/Q44337,行列,ぎょうれつ
http://www.wikidata.org/entity/Q49008,素数,そすう
http://www.wikidata.org/entity/Q82990,数字,すうじ
http://www.wikidata.org/entity/Q130693,磁器,じき
http://www.wikidata.org/entity/Q159810,経済,けいざい
http://www.wikidata.org/entity/Q160857,馬力,ばりき
http://www.wikidata.org/entity/Q163727,学士,がくし
http://www.wikidata.org/entity/Q166902,原色,げんしょく
http://www.wikidata.org/entity/Q170417,口径,こうけい
http://www.wikidata.org/entity/Q177463,木炭,もくたん
http://www.wikidata.org/entity/Q192628,牛肉,ぎゅうにく
http://www.wikidata.org/entity/Q202298,茶道,さどう
http://www.wikidata.org/entity/Q204481,極右,きょくう
http://www.wikidata.org/entity/Q207063,分隊,ぶんたい
http://www.wikidata.org/entity/Q208500,公国,こうこく
http://www.wikidata.org/entity/Q214199,重油,じゅうゆ
http://www.wikidata.org/entity/Q215737,金九,きんきゅう
http://www.wikidata.org/entity/Q224689,西行,さいぎょう
http://www.wikidata.org/entity/Q235155,白人,はくじん
http://www.wikidata.org/entity/Q242182,教皇,きょうこう
http://www.wikidata.org/entity/Q251395,赤軍,せきぐん
http://www.wikidata.org/entity/Q256490,将軍,しょうぐん
http://www.wikidata.org/entity/Q264655,軍旗,ぐんき
http://www.wikidata.org/entity/Q273125,弓道,きゅうどう
http://www.wikidata.org/entity/Q276015,論語,ろんご
http://www.wikidata.org/entity/Q287709,少将,しょうしょう
http://www.wikidata.org/entity/Q313336,神農,しんのう
http://www.wikidata.org/entity/Q318064,道元,どうげん
http://www.wikidata.org/entity/Q342658,官報,かんぽう
http://www.wikidata.org/entity/Q378547,黄忠,こうちゅう
http://www.wikidata.org/entity/Q457972,管仲,かんちゅう
http://www.wikidata.org/entity/Q466621,番付,ばんづけ
http://www.wikidata.org/entity/Q483329,商道,しょうどう
http://www.wikidata.org/entity/Q484511,帰納,きのう
http://www.wikidata.org/entity/Q494602,竹島,たけしま
http://www.wikidata.org/entity/Q553927,丸紅,まるべに
http://www.wikidata.org/entity/Q611644,司教,しきょう
http://www.wikidata.org/entity/Q621460,旧神,きゅうしん
http://www.wikidata.org/entity/Q642765,空海,くうかい
http://www.wikidata.org/entity/Q660947,客家,はっか
http://www.wikidata.org/entity/Q679462,重源,ちょうげん
http://www.wikidata.org/entity/Q696966,時宗,じしゅう
http://www.wikidata.org/entity/Q730266,文久,ぶんきゅう
http://www.wikidata.org/entity/Q746177,青春,せいしゅん
http://www.wikidata.org/entity/Q746549,料理,りょうり
http://www.wikidata.org/entity/Q783794,会社,かいしゃ
http://www.wikidata.org/entity/Q789960,番茶,ばんちゃ
http://www.wikidata.org/entity/Q855113,明王,みょうおう
http://www.wikidata.org/entity/Q858893,敬礼,けいれい
http://www.wikidata.org/entity/Q865416,院政,いんせい
http://www.wikidata.org/entity/Q896403,果実,かじつ
http://www.wikidata.org/entity/Q907647,行司,ぎょうじ
http://www.wikidata.org/entity/Q909302,石高,いしたか
http://www.wikidata.org/entity/Q909452,皇室,こうしつ
http://www.wikidata.org/entity/Q970153,子役,こやく
http://www.wikidata.org/entity/Q973085,打刀,うちがたな
http://www.wikidata.org/entity/Q1028181,画家,がか
http://www.wikidata.org/entity/Q1048979,月島,がつしま
http://www.wikidata.org/entity/Q1064063,私鉄,してつ
http://www.wikidata.org/entity/Q1066018,東映,とうえい
http://www.wikidata.org/entity/Q1070893,馬力,ばりき
http://www.wikidata.org/entity/Q1079102,平氏,へいし
http://www.wikidata.org/entity/Q1133663,参議,さんぎ
http://www.wikidata.org/entity/Q1178087,竹島,たけしま
http://www.wikidata.org/entity/Q1193078,応永,おうえい
http://www.wikidata.org/entity/Q1196717,映画,えいが
http://www.wikidata.org/entity/Q1202146,交番,こうばん
http://www.wikidata.org/entity/Q1209390,洗脳,せんのう
http://www.wikidata.org/entity/Q1212098,鉄道,てつどう
http://www.wikidata.org/entity/Q1289397,新宿,しんじゅく
http://www.wikidata.org/entity/Q1345471,幕内,まくうち
http://www.wikidata.org/entity/Q1368546,衆道,しゅどう
http://www.wikidata.org/entity/Q1392100,銀河,ぎんが
http://www.wikidata.org/entity/Q1436376,貴族,きぞく
http://www.wikidata.org/entity/Q1483957,風神,ふうじん
http://www.wikidata.org/entity/Q1685411,天領,てんりょう
http://www.wikidata.org/entity/Q1929041,博徒,ばくと
http://www.wikidata.org/entity/Q2081159,印章,いんしょう
http://www.wikidata.org/entity/Q2091260,防人,さきもり
http://www.wikidata.org/entity/Q2246587,雲母,うんも
http://www.wikidata.org/entity/Q2378522,軍旗,ぐんき
http://www.wikidata.org/entity/Q2405480,声優,せいゆう
http://www.wikidata.org/entity/Q2425502,女形,おやま
http://www.wikidata.org/entity/Q2431975,焼肉,やきにく
http://www.wikidata.org/entity/Q2483673,国造,くにのみやつこ
http://www.wikidata.org/entity/Q2489149,道元,どうげん
http://www.wikidata.org/entity/Q2502635,世界,せかい
http://www.wikidata.org/entity/Q2995529,穀物,こくもつ
http://www.wikidata.org/entity/Q2995864,少将,しょうしょう
http://www.wikidata.org/entity/Q3004087,植物,しょくぶつ
http://www.wikidata.org/entity/Q3046513,失禁,しっきん
http://www.wikidata.org/entity/Q3108542,西友,せいゆう
http://www.wikidata.org/entity/Q3118968,時間,じかん
http://www.wikidata.org/entity/Q3135765,非人,ひにん
http://www.wikidata.org/entity/Q3180373,黒夢,くろゆめ
http://www.wikidata.org/entity/Q3331845,神話,しんわ
http://www.wikidata.org/entity/Q3335324,中川,なかがわ
http://www.wikidata.org/entity/Q3482500,憲兵,けんぺい
http://www.wikidata.org/entity/Q3850202,印章,いんしょう
http://www.wikidata.org/entity/Q3882219,暗殺,あんさつ
http://www.wikidata.org/entity/P59,星座,せいざ
http://www.wikidata.org/entity/Q4231804,星座,せいざ
http://www.wikidata.org/entity/Q4426116,自我,じが
http://www.wikidata.org/entity/Q4928711,青魚,あおざかな
http://www.wikidata.org/entity/Q4971324,学士,がくし
http://www.wikidata.org/entity/Q5097025,中将,ちゅうじょう
http://www.wikidata.org/entity/Q6466118,天才,てんさい
http://www.wikidata.org/entity/Q6634952,戦死,せんし
http://www.wikidata.org/entity/Q6960159,中原,なかはら
http://www.wikidata.org/entity/Q7098620,野党,やとう
http://www.wikidata.org/entity/Q7498922,白金,しろがね
http://www.wikidata.org/entity/Q7603898,夏至,げし
http://www.wikidata.org/entity/Q7723211,皇后,こうごう
http://www.wikidata.org/entity/Q7746721,関羽,かんう
http://www.wikidata.org/entity/Q8422804,馬力,ばりき
http://www.wikidata.org/entity/Q9418169,六曜,ろくよう
http://www.wikidata.org/entity/Q10444973,神使,しんし
http://www.wikidata.org/entity/Q10972285,比重,ひじゅう
http://www.wikidata.org/entity/Q11059428,市制,しせい
http://www.wikidata.org/entity/Q11255957,Z旗,Zはた
http://www.wikidata.org/entity/Q11284628,博多,はかた
http://www.wikidata.org/entity/Q11358679,上国,うえくに
http://www.wikidata.org/entity/Q11409562,原宿,はらじゅく
http://www.wikidata.org/entity/Q11446543,女神,めがみ
http://www.wikidata.org/entity/Q11452096,官報,かんぽう
http://www.wikidata.org/entity/Q11464532,少女,しょうじょ
http://www.wikidata.org/entity/Q11466247,山九,さんきゅう
http://www.wikidata.org/entity/Q11512281,明治,めいじ
http://www.wikidata.org/entity/Q11539730,森星,もりほし
http://www.wikidata.org/entity/Q11546970,死神,しにがみ
http://www.wikidata.org/entity/Q11549629,氷点,ひょうてん
http://www.wikidata.org/entity/Q11573514,球速,きゅうそく
http://www.wikidata.org/entity/Q11581068,皇族,こうぞく
http://www.wikidata.org/entity/Q11581076,皇治,こうおさむ
http://www.wikidata.org/entity/Q11615904,芸映,げいえい
http://www.wikidata.org/entity/Q11659937,雪虫,ゆきむし
http://www.wikidata.org/entity/Q11666059,食客,しょっかく
http://www.wikidata.org/entity/Q12617483,竹島,たけしま
http://www.wikidata.org/entity/Q13163531,大字,おおあざ
http://www.wikidata.org/entity/Q13403578,後宮,あとみや
http://www.wikidata.org/entity/Q13423122,七夕,たなばた
http://www.wikidata.org/entity/P654,方位,ほうい
http://www.wikidata.org/entity/Q13711068,高氏,たかうじ
http://www.wikidata.org/entity/Q14566073,羊肉,ひつじにく
http://www.wikidata.org/entity/Q14592130,宣祖,せんそ
http://www.wikidata.org/entity/Q14890574,受精,じゅせい
http://www.wikidata.org/entity/Q15898528,市制,しせい
http://www.wikidata.org/entity/Q15901886,黒海,こっかい
http://www.wikidata.org/entity/Q16143656,準州,じゅんしゅう
http://www.wikidata.org/entity/Q16687744,関税,かんぜい
http://www.wikidata.org/entity/Q17315072,原宿,はらじゅく
http://www.wikidata.org/entity/Q18337563,中川,なかがわ
http://www.wikidata.org/entity/Q18669875,事件,じけん
http://www.wikidata.org/entity/Q20038059,眼鏡,めがね
http://www.wikidata.org/entity/Q21555202,雨水,あまみず
http://www.wikidata.org/entity/Q24868526,地球,ちきゅう
http://www.wikidata.org/entity/Q26157630,梅田,うめだ
http://www.wikidata.org/entity/Q26212721,難波,なんば
http://www.wikidata.org/entity/Q26212722,難波,なんば
http://www.wikidata.org/entity/Q26437469,対馬,つしま
http://www.wikidata.org/entity/Q26437473,対馬,つしま
http://www.wikidata.org/entity/Q26437487,対馬,つしま
http://www.wikidata.org/entity/Q26437497,対馬,つしま
http://www.wikidata.org/entity/Q26449045,大本,おおもと
http://www.wikidata.org/entity/Q27166136,盛田,もりた
http://www.wikidata.org/entity/Q27237749,光永,みつなが
http://www.wikidata.org/entity/Q27242936,新島,にいじま
http://www.wikidata.org/entity/Q28689839,銀河,ぎんが
http://www.wikidata.org/entity/Q38746013,水神,すいじん
http://www.wikidata.org/entity/Q40103921,勝矢,かつや
http://www.wikidata.org/entity/Q42633271,白山,はくさん
http://www.wikidata.org/entity/Q43511412,原子,げんし
http://www.wikidata.org/entity/Q46955442,焼肉,やきにく
http://www.wikidata.org/entity/Q47092542,千束,せんぞく
http://www.wikidata.org/entity/Q49649347,竹島,たけしま
http://www.wikidata.org/entity/P5095,断層,だんそう
http://www.wikidata.org/entity/Q60324429,暴力,ぼうりょく
http://www.wikidata.org/entity/Q61355960,死神,しにがみ
http://www.wikidata.org/entity/Q65271619,栄信,えいしん
http://www.wikidata.org/entity/Q73452236,竹島,たけしま
http://www.wikidata.org/entity/Q75833397,中川,なかがわ
http://www.wikidata.org/entity/Q86739694,海里,かいり
http://www.wikidata.org/entity/Q88729933,屋島,やしま
http://www.wikidata.org/entity/Q90032603,光永,みつなが
http://www.wikidata.org/entity/Q90033729,中原,なかはら
http://www.wikidata.org/entity/Q90035525,大本,おおもと
http://www.wikidata.org/entity/Q93975107,明治,めいじ
http://www.wikidata.org/entity/Q96240506,刻刻,こくこく
http://www.wikidata.org/entity/Q99294416,日本,にっぽん
http://www.wikidata.org/entity/Q102124730,陸軍,りくぐん
http://www.wikidata.org/entity/Q104601448,太陽,たいよう
http://www.wikidata.org/entity/P9188,四球,しきゅう
http://www.wikidata.org/entity/Q108855873,可不,かふ
http://www.wikidata.org/entity/Q109834964,国司,くにじ
http://www.wikidata.org/entity/Q110193434,境町,さかいまち
http://www.wikidata.org/entity/Q110475875,昭和,しょうわ
http://www.wikidata.org/entity/Q111143723,温泉,おんせん
http://www.wikidata.org/entity/Q1,宇宙,うちゅう
http://www.wikidata.org/entity/Q166,黒海,こっかい
http://www.wikidata.org/entity/Q286,皮革,ひかく
http://www.wikidata.org/entity/Q735,芸術,げいじゅつ
http://www.wikidata.org/entity/Q3914,学校,がっこう
http://www.wikidata.org/entity/Q3918,大学,だいがく
http://www.wikidata.org/entity/Q5113,鳥類,ちょうるい
http://www.wikidata.org/entity/Q7755,憲法,けんぽう
http://www.wikidata.org/entity/Q8072,火山,かざん
http://www.wikidata.org/entity/Q8142,通貨,つうか
http://www.wikidata.org/entity/Q8236,識字,しきじ
http://www.wikidata.org/entity/Q8432,文明,ぶんめい
http://www.wikidata.org/entity/Q8928,星座,せいざ
http://www.wikidata.org/entity/Q9333,老子,ろうし
http://www.wikidata.org/entity/Q10801,張形,はりかた
http://www.wikidata.org/entity/Q11042,文化,ぶんか
http://www.wikidata.org/entity/Q20317,竹島,たけしま
http://www.wikidata.org/entity/Q31532,二軍,にぐん
http://www.wikidata.org/entity/Q33753,変態,へんたい
http://www.wikidata.org/entity/Q33999,俳優,はいゆう
http://www.wikidata.org/entity/Q34228,手話,しゅわ
http://www.wikidata.org/entity/Q35535,警察,けいさつ
http://www.wikidata.org/entity/Q35856,洗礼,せんれい
http://www.wikidata.org/entity/Q36161,集合,しゅうごう
http://www.wikidata.org/entity/Q39715,灯台,とうだい
http://www.wikidata.org/entity/Q39782,黄銅,おうどう
http://www.wikidata.org/entity/Q40614,化石,かせき
http://www.wikidata.org/entity/Q41493,古代,こだい
http://www.wikidata.org/entity/Q42530,熱帯,ねったい
http://www.wikidata.org/entity/Q47089,断層,だんそう
http://www.wikidata.org/entity/Q48352,元首,げんしゅ
http://www.wikidata.org/entity/Q52389,関税,かんぜい
http://www.wikidata.org/entity/Q58929,去勢,きょせい
http://www.wikidata.org/entity/Q61982,大名,だいみょう
http://www.wikidata.org/entity/Q82622,約物,やくもの
http://www.wikidata.org/entity/Q101017,蒸留,じょうりゅう
http://www.wikidata.org/entity/Q102356,旅団,りょだん
http://www.wikidata.org/entity/Q124164,交流,こうりゅう
http://www.wikidata.org/entity/Q128593,転生,てんしょう
http://www.wikidata.org/entity/Q128841,桜島,さくらしま
http://www.wikidata.org/entity/Q133087,痛風,つうふう
http://www.wikidata.org/entity/Q140588,台風,たいふう
http://www.wikidata.org/entity/Q141090,暗号,あんごう
http://www.wikidata.org/entity/Q155890,重水,じゅうすい
http://www.wikidata.org/entity/Q164950,王朝,おうちょう
http://www.wikidata.org/entity/Q172175,密教,みっきょう
http://www.wikidata.org/entity/Q174670,王水,おうすい
http://www.wikidata.org/entity/Q181066,速記,そっき
http://www.wikidata.org/entity/Q183425,腹痛,ふくつう
http://www.wikidata.org/entity/Q186117,年表,ねんぴょう
http://www.wikidata.org/entity/Q188863,亡命,ぼうめい
http://www.wikidata.org/entity/Q196627,元日,がんじつ
http://www.wikidata.org/entity/Q197202,張角,ちょうかく
http://www.wikidata.org/entity/Q211503,氏族,しぞく
http://www.wikidata.org/entity/Q217096,徳仁,のりひと
http://www.wikidata.org/entity/Q229580,赤軍,せきぐん
http://www.wikidata.org/entity/Q254907,元老,げんろう
http://www.wikidata.org/entity/Q272530,史記,しき
http://www.wikidata.org/entity/Q383854,宝島,たからしま
http://www.wikidata.org/entity/Q385517,大本,おおもと
http://www.wikidata.org/entity/Q398996,昭和,しょうわ
http://www.wikidata.org/entity/Q403645,流星,りゅうせい
http://www.wikidata.org/entity/Q408568,東宝,とうほう
http://www.wikidata.org/entity/Q410729,一宮,いちのみや
http://www.wikidata.org/entity/Q418843,森章,もりしょう
http://www.wikidata.org/entity/Q459964,純祖,じゅんそ
http://www.wikidata.org/entity/Q462214,政治,せいじ
http://www.wikidata.org/entity/Q468771,回虫,かいちゅう
http://www.wikidata.org/entity/Q484079,総統,そうとう
http://www.wikidata.org/entity/Q484359,宣祖,せんそ
http://www.wikidata.org/entity/Q490376,食客,しょっかく
http://www.wikidata.org/entity/Q505711,納豆,なっとう
http://www.wikidata.org/entity/Q507980,法然,ほうねん
http://www.wikidata.org/entity/Q602300,軍旗,ぐんき
http://www.wikidata.org/entity/Q640267,出島,でじま
http://www.wikidata.org/entity/Q665124,憲兵,けんぺい
http://www.wikidata.org/entity/Q670182,変態,へんたい
http://www.wikidata.org/entity/Q670860,大将,たいしょう
http://www.wikidata.org/entity/Q671143,官報,かんぽう
http://www.wikidata.org/entity/Q714428,何進,なにすすむ
http://www.wikidata.org/entity/Q715222,女官,にょかん
http://www.wikidata.org/entity/Q716847,火病,ひびょう
http://www.wikidata.org/entity/Q738560,洗礼,せんれい
http://www.wikidata.org/entity/Q752021,武道,ぶどう
http://www.wikidata.org/entity/Q767655,氏神,うじがみ
http://www.wikidata.org/entity/Q781835,司祭,しさい
http://www.wikidata.org/entity/Q785378,白人,はくじん
http://www.wikidata.org/entity/Q800035,幸福,こうふく
http://www.wikidata.org/entity/Q812767,神道,しんとう
http://www.wikidata.org/entity/Q833912,九州,きゅうしゅう
http://www.wikidata.org/entity/Q838251,国道,こくどう
http://www.wikidata.org/entity/Q844727,宮家,みやいえ
http://www.wikidata.org/entity/Q845724,神楽,かぐら
http://www.wikidata.org/entity/Q846299,和紙,わし
http://www.wikidata.org/entity/Q846905,漢書,かんじょ
http://www.wikidata.org/entity/Q866039,大和,やまと
http://www.wikidata.org/entity/Q866812,河童,かっぱ
http://www.wikidata.org/entity/Q874429,群論,ぐんろん
http://www.wikidata.org/entity/Q902855,花王,かおう
http://www.wikidata.org/entity/Q903422,親王,しんのう
http://www.wikidata.org/entity/Q960642,神曲,しんきょく
http://www.wikidata.org/entity/Q1028602,天皇,てんのう
http://www.wikidata.org/entity/Q1048902,投手,とうしゅ
http://www.wikidata.org/entity/Q1064889,宗氏,そうし
http://www.wikidata.org/entity/Q1069829,後漢,ごかん
http://www.wikidata.org/entity/Q1069886,大学,だいがく
http://www.wikidata.org/entity/Q1073260,四神,しじん
http://www.wikidata.org/entity/Q1112950,馬車,ばしゃ
http://www.wikidata.org/entity/Q1122114,蔵馬,くらうま
http://www.wikidata.org/entity/Q1129409,極左,きょくさ
http://www.wikidata.org/entity/Q1146161,明和,めいわ
http://www.wikidata.org/entity/Q1193862,万延,まんえん
http://www.wikidata.org/entity/Q1204868,国体,こくたい
http://www.wikidata.org/entity/Q1210892,故事,こじ
http://www.wikidata.org/entity/Q1229875,水泳,すいえい
http://www.wikidata.org/entity/Q1339268,春分,しゅんぶん
http://www.wikidata.org/entity/Q1343157,側位,がわくらい
http://www.wikidata.org/entity/Q1364685,立春,りっしゅん
http://www.wikidata.org/entity/Q1525202,銀座,ぎんざ
http://www.wikidata.org/entity/Q1573015,式神,しきがみ
http://www.wikidata.org/entity/Q1574228,花街,かがい
http://www.wikidata.org/entity/Q1621322,人間,にんげん
http://www.wikidata.org/entity/Q1680269,清明,せいめい
http://www.wikidata.org/entity/Q1759237,得宗,とくそう
http://www.wikidata.org/entity/Q1765533,正室,せいしつ
http://www.wikidata.org/entity/Q1975935,武士,ぶし
http://www.wikidata.org/entity/Q2167872,性毛,せいもう
http://www.wikidata.org/entity/Q2286693,鉄道,てつどう
http://www.wikidata.org/entity/Q2307436,地球,ちきゅう
http://www.wikidata.org/entity/Q2437271,警視,けいし
http://www.wikidata.org/entity/Q2458742,方言,ほうげん
http://www.wikidata.org/entity/Q2462286,麦人,むぎひと
http://www.wikidata.org/entity/Q2502757,教皇,きょうこう
http://www.wikidata.org/entity/Q2656737,太陽,たいよう
http://www.wikidata.org/entity/Q2660346,極左,きょくさ
http://www.wikidata.org/entity/Q2712826,動物,どうぶつ
http://www.wikidata.org/entity/Q2717004,文化,ぶんか
http://www.wikidata.org/entity/Q3022455,田楽,でんがく
http://www.wikidata.org/entity/Q3028663,年神,としがみ
http://www.wikidata.org/entity/Q3080343,権現,ごんげん
http://www.wikidata.org/entity/Q3086135,九字,きゅうじ
http://www.wikidata.org/entity/Q3100519,中将,ちゅうじょう
http://www.wikidata.org/entity/Q3151032,助教,じょきょう
http://www.wikidata.org/entity/Q3201265,講談,こうだん
http://www.wikidata.org/entity/Q3235719,亡命,ぼうめい
http://www.wikidata.org/entity/Q3314483,果物,くだもの
http://www.wikidata.org/entity/Q3368243,関所,せきしょ
http://www.wikidata.org/entity/Q3399888,詩人,しじん
http://www.wikidata.org/entity/Q3563448,母音,ぼいん
http://www.wikidata.org/entity/Q3834913,重賞,じゅうしょう
http://www.wikidata.org/entity/Q3839081,災害,さいがい
http://www.wikidata.org/entity/Q3882179,殺人,さつじん
http://www.wikidata.org/entity/Q3953199,学校,がっこう
http://www.wikidata.org/entity/Q3958349,七宝,しっぽう
http://www.wikidata.org/entity/Q4023207,森雪,もりゆき
http://www.wikidata.org/entity/P35,元首,げんしゅ
http://www.wikidata.org/entity/Q4475922,軍服,ぐんぷく
http://www.wikidata.org/entity/Q5164192,憲法,けんぽう
http://www.wikidata.org/entity/Q5215430,団地,だんち
http://www.wikidata.org/entity/Q5275004,世界,せかい
http://www.wikidata.org/entity/Q5350421,駅弁,えきべん
http://www.wikidata.org/entity/Q5465729,連隊,れんたい
http://www.wikidata.org/entity/Q5552126,世界,せかい
http://www.wikidata.org/entity/Q6146620,地球,ちきゅう
http://www.wikidata.org/entity/Q6148820,勝矢,かつや
http://www.wikidata.org/entity/Q6451204,少将,しょうしょう
http://www.wikidata.org/entity/Q6495391,近代,きんだい
http://www.wikidata.org/entity/Q6791638,中将,ちゅうじょう
http://www.wikidata.org/entity/Q7004218,勝精,かちせい
http://www.wikidata.org/entity/Q7096319,愛人,あいじん
http://www.wikidata.org/entity/Q7243314,首相,しゅしょう
http://www.wikidata.org/entity/Q7683217,谷豊,たにゆたか
http://www.wikidata.org/entity/Q9384666,団子,だんご
http://www.wikidata.org/entity/Q10856418,竹島,たけしま
http://www.wikidata.org/entity/Q10887591,保守,ほしゅ
http://www.wikidata.org/entity/Q11240567,十王,じゅうおう
http://www.wikidata.org/entity/Q11363097,中原,なかはら
http://www.wikidata.org/entity/Q11364710,中川,なかがわ
http://www.wikidata.org/entity/Q11368390,丸物,まるもの
http://www.wikidata.org/entity/Q11410372,友近,ともちか
http://www.wikidata.org/entity/Q11433375,大和,やまと
http://www.wikidata.org/entity/Q11433377,大和,やまと
http://www.wikidata.org/entity/Q11434523,大将,たいしょう
http://www.wikidata.org/entity/Q11484044,幸福,こうふく
http://www.wikidata.org/entity/Q11490611,心臓,しんぞう
http://www.wikidata.org/entity/Q11505538,日本,にっぽん
http://www.wikidata.org/entity/Q11512823,星勝,ほしかち
http://www.wikidata.org/entity/Q11516046,月山,がっさん
http://www.wikidata.org/entity/Q11559088,海神,うみがみ
http://www.wikidata.org/entity/Q11568997,熟女,じゅくじょ
http://www.wikidata.org/entity/Q11580040,白湯,さゆ
http://www.wikidata.org/entity/Q11588367,社家,しゃけ
http://www.wikidata.org/entity/Q11605075,紀氏,きし
http://www.wikidata.org/entity/Q11612273,脳男,のうおとこ
http://www.wikidata.org/entity/Q11616774,若頭,わかがしら
http://www.wikidata.org/entity/Q11616866,英二,えいじ
http://www.wikidata.org/entity/Q11637208,身位,みくらい
http://www.wikidata.org/entity/Q11656189,関西,かんさい
http://www.wikidata.org/entity/Q11795009,画像,がぞう
http://www.wikidata.org/entity/Q12604039,食客,しょっかく
http://www.wikidata.org/entity/Q12609698,遊女,ゆうじょ
http://www.wikidata.org/entity/Q12622586,学校,がっこう
http://www.wikidata.org/entity/Q12827256,神話,しんわ
http://www.wikidata.org/entity/P1082,人口,じんこう
http://www.wikidata.org/entity/Q15909011,球電,たまでん
http://www.wikidata.org/entity/Q16072096,真言,しんごん
http://www.wikidata.org/entity/Q16194930,軍歌,ぐんか
http://www.wikidata.org/entity/Q16280934,事件,じけん
http://www.wikidata.org/entity/Q16877751,中川,なかがわ
http://www.wikidata.org/entity/Q17215806,犯罪,はんざい
http://www.wikidata.org/entity/Q17217703,無限,むげん
http://www.wikidata.org/entity/Q17218336,明和,めいわ
http://www.wikidata.org/entity/Q17350144,千聖,ちさと
http://www.wikidata.org/entity/Q18297022,中国,ちゅうごく
http://www.wikidata.org/entity/Q18676911,論語,ろんご
http://www.wikidata.org/entity/P2067,質量,しつりょう
http://www.wikidata.org/entity/P2075,音速,おんそく
http://www.wikidata.org/entity/Q21077079,時計,とけい
http://www.wikidata.org/entity/Q21435252,警視,けいし
http://www.wikidata.org/entity/Q23535753,中原,なかはら
http://www.wikidata.org/entity/Q23997257,国府,こう
http://www.wikidata.org/entity/Q24091434,自由,じゆう
http://www.wikidata.org/entity/Q24868635,下戸,げこ
http://www.wikidata.org/entity/Q26000234,中川,なかがわ
http://www.wikidata.org/entity/Q26216280,鳥居,とりい
http://www.wikidata.org/entity/Q26447188,竹島,たけしま
http://www.wikidata.org/entity/Q27166139,盛田,もりた
http://www.wikidata.org/entity/Q27242714,一宮,いちのみや
http://www.wikidata.org/entity/Q27242882,白山,はくさん
http://www.wikidata.org/entity/Q27242883,白山,はくさん
http://www.wikidata.org/entity/Q27242937,新島,にいじま
http://www.wikidata.org/entity/Q27242939,新島,にいじま
http://www.wikidata.org/entity/Q27500674,死神,しにがみ
http://www.wikidata.org/entity/Q27687332,学校,がっこう
http://www.wikidata.org/entity/Q28693401,団地,だんち
http://www.wikidata.org/entity/Q29843642,功夫,いさお
http://www.wikidata.org/entity/Q36906466,宇宙,うちゅう
http://www.wikidata.org/entity/Q45099827,祝詞,のりと
http://www.wikidata.org/entity/Q48041007,学校,がっこう
http://www.wikidata.org/entity/Q48747568,黒船,くろふね
http://www.wikidata.org/entity/Q48764292,同心,どうしん
http://www.wikidata.org/entity/Q48765450,白山,はくさん
http://www.wikidata.org/entity/Q49657569,松島,まつしま
http://www.wikidata.org/entity/Q51698501,明治,めいじ
http://www.wikidata.org/entity/Q57203110,暴力,ぼうりょく
http://www.wikidata.org/entity/Q60260664,写像,しゃぞう
http://www.wikidata.org/entity/Q60996443,太陽,たいよう
http://www.wikidata.org/entity/Q62828007,令和,れいわ
http://www.wikidata.org/entity/Q64553921,男色,だんしょく
http://www.wikidata.org/entity/Q65059474,原神,はらかみ
http://www.wikidata.org/entity/Q65061543,三体,さんたい
http://www.wikidata.org/entity/Q79816142,明治,めいじ
http://www.wikidata.org/entity/Q83913553,管領,かんりょう
http://www.wikidata.org/entity/Q86744230,白夜,びゃくや
http://www.wikidata.org/entity/Q88257238,引退,いんたい
http://www.wikidata.org/entity/Q90032870,一宮,いちのみや
http://www.wikidata.org/entity/Q90033298,盛田,もりた
http://www.wikidata.org/entity/Q90034732,難波,なんば
http://www.wikidata.org/entity/Q93710715,中将,ちゅうじょう
http://www.wikidata.org/entity/Q97342100,平成,へいせい
http://www.wikidata.org/entity/Q104013339,海里,かいり
http://www.wikidata.org/entity/Q104532650,学校,がっこう
http://www.wikidata.org/entity/Q104539385,文明,ぶんめい
http://www.wikidata.org/entity/Q104604464,太陽,たいよう
http://www.wikidata.org/entity/Q110911451,九曜,くよう
http://www.wikidata.org/entity/Q110929728,温泉,おんせん
http://www.wikidata.org/entity/Q17,日本,にっぽん
http://www.wikidata.org/entity/Q152,魚類,ぎょるい
http://www.wikidata.org/entity/Q205,無限,むげん
http://www.wikidata.org/entity/Q313,金星,きんせい
http://www.wikidata.org/entity/Q318,銀河,ぎんが
http://www.wikidata.org/entity/Q336,科学,かがく
http://www.wikidata.org/entity/Q376,時計,とけい
http://www.wikidata.org/entity/Q467,女性,じょせい
http://www.wikidata.org/entity/Q515,都市,とし
http://www.wikidata.org/entity/Q623,炭素,たんそ
http://www.wikidata.org/entity/Q925,水銀,すいぎん
http://www.wikidata.org/entity/Q2225,電子,でんし
http://www.wikidata.org/entity/Q2329,化学,かがく
http://www.wikidata.org/entity/Q5107,大陸,たいりく
http://www.wikidata.org/entity/Q6999,天体,てんたい
http://www.wikidata.org/entity/Q7169,保守,ほしゅ
http://www.wikidata.org/entity/Q7408,科挙,かきょ
http://www.wikidata.org/entity/Q8425,社会,しゃかい
http://www.wikidata.org/entity/Q8436,家族,かぞく
http://www.wikidata.org/entity/Q9631,卵巣,らんそう
http://www.wikidata.org/entity/Q9715,精液,せいえき
http://www.wikidata.org/entity/Q11002,砂糖,さとう
http://www.wikidata.org/entity/Q11004,野菜,やさい
http://www.wikidata.org/entity/Q11028,情報,じょうほう
http://www.wikidata.org/entity/Q11032,新聞,しんぶん
http://www.wikidata.org/entity/Q11423,質量,しつりょう
http://www.wikidata.org/entity/Q12136,病気,びょうき
http://www.wikidata.org/entity/Q22667,鉄道,てつどう
http://www.wikidata.org/entity/Q22687,銀行,ぎんこう
http://www.wikidata.org/entity/Q34777,X線,Xせん
http://www.wikidata.org/entity/Q35140,興行,こうぎょう
http://www.wikidata.org/entity/Q36244,母音,ぼいん
http://www.wikidata.org/entity/Q37041,漢文,かんぶん
http://www.wikidata.org/entity/Q40185,神曲,しんきょく
http://www.wikidata.org/entity/Q42372,星雲,せいうん
http://www.wikidata.org/entity/Q43412,使徒,しと
http://www.wikidata.org/entity/Q44235,月食,げっしょく
http://www.wikidata.org/entity/Q44539,寺院,じいん
http://www.wikidata.org/entity/Q46344,量子,りょうし
http://www.wikidata.org/entity/Q48324,道徳,どうとく
http://www.wikidata.org/entity/Q49757,詩人,しじん
http://www.wikidata.org/entity/Q50708,約数,やくすう
http://www.wikidata.org/entity/Q83267,犯罪,はんざい
http://www.wikidata.org/entity/Q121594,教授,きょうじゅ
http://www.wikidata.org/entity/Q123397,国家,こっか
http://www.wikidata.org/entity/Q133462,切腹,せっぷく
http://www.wikidata.org/entity/Q133593,四国,しこく
http://www.wikidata.org/entity/Q168983,火災,かさい
http://www.wikidata.org/entity/Q169419,梅田,うめだ
http://www.wikidata.org/entity/Q177220,歌手,かしゅ
http://www.wikidata.org/entity/Q185367,移民,いみん
http://www.wikidata.org/entity/Q190991,極夜,きょくや
http://www.wikidata.org/entity/Q192199,豆乳,とうにゅう
http://www.wikidata.org/entity/Q203415,紅茶,こうちゃ
http://www.wikidata.org/entity/Q205985,女神,めがみ
http://www.wikidata.org/entity/Q234731,鳥居,とりい
http://www.wikidata.org/entity/Q261967,倍音,ばいおん
http://www.wikidata.org/entity/Q294585,大正,たいしょう
http://www.wikidata.org/entity/Q327567,昭和,しょうわ
http://www.wikidata.org/entity/Q341695,火山,かざん
http://www.wikidata.org/entity/Q370502,写像,しゃぞう
http://www.wikidata.org/entity/Q385120,大鏡,おおかがみ
http://www.wikidata.org/entity/Q411481,松島,まつしま
http://www.wikidata.org/entity/Q418433,源氏,げんじ
http://www.wikidata.org/entity/Q447657,司教,しきょう
http://www.wikidata.org/entity/Q467985,月氏,げっし
http://www.wikidata.org/entity/Q479033,死神,しにがみ
http://www.wikidata.org/entity/Q482620,神話,しんわ
http://www.wikidata.org/entity/Q483444,和服,わふく
http://www.wikidata.org/entity/Q484453,仁祖,じんそ
http://www.wikidata.org/entity/Q485619,漢字,かんじ
http://www.wikidata.org/entity/Q497649,時計,とけい
http://www.wikidata.org/entity/Q590761,太陽,たいよう
http://www.wikidata.org/entity/Q599312,包丁,ほうちょう
http://www.wikidata.org/entity/Q600461,白夜,びゃくや
http://www.wikidata.org/entity/Q614806,背広,せびろ
http://www.wikidata.org/entity/Q619776,同心,どうしん
http://www.wikidata.org/entity/Q701398,正月,しょうがつ
http://www.wikidata.org/entity/Q713879,油条,あぶらじょう
http://www.wikidata.org/entity/Q721587,電報,でんぽう
http://www.wikidata.org/entity/Q732282,円仁,えんにん
http://www.wikidata.org/entity/Q736665,法正,のりまさ
http://www.wikidata.org/entity/Q745564,戦車,せんしゃ
http://www.wikidata.org/entity/Q746798,節分,せつぶん
http://www.wikidata.org/entity/Q753811,心中,しんじゅう
http://www.wikidata.org/entity/Q771456,竹輪,ちくわ
http://www.wikidata.org/entity/Q774621,白夜,びゃくや
http://www.wikidata.org/entity/Q855159,国学,こくがく
http://www.wikidata.org/entity/Q862758,礼記,らいき
http://www.wikidata.org/entity/Q918199,首相,しゅしょう
http://www.wikidata.org/entity/Q928670,州兵,しゅうへい
http://www.wikidata.org/entity/Q929462,老子,ろうし
http://www.wikidata.org/entity/Q933394,飛地,とびち
http://www.wikidata.org/entity/Q947128,選挙,せんきょ
http://www.wikidata.org/entity/Q958088,少女,しょうじょ
http://www.wikidata.org/entity/Q959309,炭鉱,たんこう
http://www.wikidata.org/entity/Q985893,東組,ひがしぐみ
http://www.wikidata.org/entity/Q1046403,東寺,とうじ
http://www.wikidata.org/entity/Q1058429,深海,しんかい
http://www.wikidata.org/entity/Q1070117,深海,しんかい
http://www.wikidata.org/entity/Q1071027,人名,じんめい
http://www.wikidata.org/entity/Q1072125,父島,ちちしま
http://www.wikidata.org/entity/Q1074078,清春,きよはる
http://www.wikidata.org/entity/Q1077275,中海,なかうみ
http://www.wikidata.org/entity/Q1081840,新島,にいじま
http://www.wikidata.org/entity/Q1091111,長勇,ちょういさみ
http://www.wikidata.org/entity/Q1136664,行基,ぎょうき
http://www.wikidata.org/entity/Q1141023,守護,しゅご
http://www.wikidata.org/entity/Q1147421,立秋,りっしゅう
http://www.wikidata.org/entity/Q1147765,大暑,たいしょ
http://www.wikidata.org/entity/Q1154724,打点,だてん
http://www.wikidata.org/entity/Q1156320,紅葉,こうよう
http://www.wikidata.org/entity/Q1191108,新島,にいじま
http://www.wikidata.org/entity/Q1193544,文明,ぶんめい
http://www.wikidata.org/entity/Q1196123,軍服,ぐんぷく
http://www.wikidata.org/entity/Q1196812,老中,ろうじゅう
http://www.wikidata.org/entity/Q1206195,天保,てんぽう
http://www.wikidata.org/entity/Q1273815,方位,ほうい
http://www.wikidata.org/entity/Q1294710,科学,かがく
http://www.wikidata.org/entity/Q1295009,中川,なかがわ
http://www.wikidata.org/entity/Q1357568,憲法,けんぽう
http://www.wikidata.org/entity/Q1369099,教授,きょうじゅ
http://www.wikidata.org/entity/Q1423051,犬笛,いぬぶえ
http://www.wikidata.org/entity/Q1423744,小結,こむすび
http://www.wikidata.org/entity/Q1424116,前頭,ぜんとう
http://www.wikidata.org/entity/Q1480896,閣下,かっか
http://www.wikidata.org/entity/Q1555938,南極,なんきょく
http://www.wikidata.org/entity/Q1656379,一宮,いちのみや
http://www.wikidata.org/entity/Q1770529,流罪,るざい
http://www.wikidata.org/entity/Q1916821,水神,すいじん
http://www.wikidata.org/entity/Q2056881,国道,こくどう
http://www.wikidata.org/entity/Q2166602,大関,おおぜき
http://www.wikidata.org/entity/Q2234969,黒潮,くろしお
http://www.wikidata.org/entity/Q2470279,司祭,しさい
http://www.wikidata.org/entity/Q2615315,人柱,ひとばしら
http://www.wikidata.org/entity/Q2672106,冷戦,れいせん
http://www.wikidata.org/entity/Q2900274,別当,べっとう
http://www.wikidata.org/entity/Q3032821,原宿,はらじゅく
http://www.wikidata.org/entity/Q3125096,明治,めいじ
http://www.wikidata.org/entity/Q3137449,水神,すいじん
http://www.wikidata.org/entity/Q3183038,少将,しょうしょう
http://www.wikidata.org/entity/Q3391810,悪名,あくめい
http://www.wikidata.org/entity/Q3510858,上院,じょういん
http://www.wikidata.org/entity/Q3521737,男性,だんせい
http://www.wikidata.org/entity/Q3571905,屋島,やしま
http://www.wikidata.org/entity/Q3625389,暗殺,あんさつ
http://www.wikidata.org/entity/Q3867355,村正,むらまさ
http://www.wikidata.org/entity/Q4121119,軍服,ぐんぷく
http://www.wikidata.org/entity/Q4388789,練炭,れんたん
http://www.wikidata.org/entity/Q4489450,天国,てんごく
http://www.wikidata.org/entity/Q4618975,博士,はかせ
http://www.wikidata.org/entity/Q4700325,赤線,あかせん
http://www.wikidata.org/entity/Q5145937,気胸,ききょう
http://www.wikidata.org/entity/P140,宗教,しゅうきょう
http://www.wikidata.org/entity/Q5353683,後宮,あとみや
http://www.wikidata.org/entity/Q5577390,厳島,いつくしま
http://www.wikidata.org/entity/Q5941196,選挙,せんきょ
http://www.wikidata.org/entity/Q6158595,対馬,つしま
http://www.wikidata.org/entity/Q6419032,清見,きよみ
http://www.wikidata.org/entity/Q6501000,長安,ちょうあん
http://www.wikidata.org/entity/Q6501061,電信,でんしん
http://www.wikidata.org/entity/Q6637370,学校,がっこう
http://www.wikidata.org/entity/Q6737436,事件,じけん
http://www.wikidata.org/entity/Q6838290,国学,こくがく
http://www.wikidata.org/entity/Q7082733,学校,がっこう
http://www.wikidata.org/entity/Q7256214,文学,ぶんがく
http://www.wikidata.org/entity/Q7257733,年金,ねんきん
http://www.wikidata.org/entity/Q7391292,空気,くうき
http://www.wikidata.org/entity/Q7402759,境町,さかいまち
http://www.wikidata.org/entity/Q8009980,天保,てんぽう
http://www.wikidata.org/entity/Q8081687,王様,おうさま
http://www.wikidata.org/entity/Q10901124,酒保,しゅほ
http://www.wikidata.org/entity/Q11245829,歩荷,ぼっか
http://www.wikidata.org/entity/Q11255956,Z旗,Zはた
http://www.wikidata.org/entity/Q11352523,一宮,いちのみや
http://www.wikidata.org/entity/Q11360913,下戸,げこ
http://www.wikidata.org/entity/Q11362111,世界,せかい
http://www.wikidata.org/entity/Q11363098,中原,なかはら
http://www.wikidata.org/entity/Q11372355,五常,ごじょう
http://www.wikidata.org/entity/Q11372372,五感,ごかん
http://www.wikidata.org/entity/Q11398395,力士,りきし
http://www.wikidata.org/entity/Q11423778,土用,どよう
http://www.wikidata.org/entity/Q11429065,境町,さかいまち
http://www.wikidata.org/entity/Q11435326,大広,だいこう
http://www.wikidata.org/entity/Q11465681,屋島,やしま
http://www.wikidata.org/entity/Q11467670,山善,やまぜん
http://www.wikidata.org/entity/Q11497076,手水,ちょうず
http://www.wikidata.org/entity/Q11512795,星一,ほしいち
http://www.wikidata.org/entity/Q11530092,松島,まつしま
http://www.wikidata.org/entity/Q11537992,桜島,さくらしま
http://www.wikidata.org/entity/Q11539329,森功,もりこう
http://www.wikidata.org/entity/Q11539747,森朗,もりあきら
http://www.wikidata.org/entity/Q11545891,武家,ぶけ
http://www.wikidata.org/entity/Q11556686,流星,りゅうせい
http://www.wikidata.org/entity/Q11569980,版元,はんもと
http://www.wikidata.org/entity/Q11578792,番頭,ばんとう
http://www.wikidata.org/entity/Q11581000,皇別,こうべつ
http://www.wikidata.org/entity/Q11581434,盛田,もりた
http://www.wikidata.org/entity/Q11583513,真言,しんごん
http://www.wikidata.org/entity/Q11591085,祭主,さいしゅ
http://www.wikidata.org/entity/Q11630838,角番,かどばん
http://www.wikidata.org/entity/Q11637694,輪中,わじゅう
http://www.wikidata.org/entity/Q11666764,飲茶,やむちゃ
http://www.wikidata.org/entity/Q11680369,白夜,びゃくや
http://www.wikidata.org/entity/Q12376089,首相,しゅしょう
http://www.wikidata.org/entity/Q12586998,金九,きんきゅう
http://www.wikidata.org/entity/Q13189369,中国,ちゅうごく
http://www.wikidata.org/entity/Q13486638,文化,ぶんか
http://www.wikidata.org/entity/Q13590141,司会,しかい
http://www.wikidata.org/entity/Q14565700,社会,しゃかい
http://www.wikidata.org/entity/Q16191368,花火,はなび
http://www.wikidata.org/entity/Q16278769,海軍,かいぐん
http://www.wikidata.org/entity/Q16579252,紅葉,こうよう
http://www.wikidata.org/entity/Q16768897,三貴,みき
http://www.wikidata.org/entity/Q16784719,平泉,ひらいずみ
http://www.wikidata.org/entity/Q17015701,男色,だんしょく
http://www.wikidata.org/entity/Q17225270,中川,なかがわ
http://www.wikidata.org/entity/Q18689345,子供,こども
http://www.wikidata.org/entity/Q18817995,原泉,げんせん
http://www.wikidata.org/entity/Q19283946,五感,ごかん
http://www.wikidata.org/entity/Q20043056,太陽,たいよう
http://www.wikidata.org/entity/Q20155557,長安,ちょうあん
http://www.wikidata.org/entity/Q21019710,女神,めがみ
http://www.wikidata.org/entity/Q23998952,北極,ほっきょく
http://www.wikidata.org/entity/Q26231304,大和,やまと
http://www.wikidata.org/entity/Q26231327,大和,やまと
http://www.wikidata.org/entity/Q26437478,対馬,つしま
http://www.wikidata.org/entity/Q26437492,対馬,つしま
http://www.wikidata.org/entity/Q26449041,大本,おおもと
http://www.wikidata.org/entity/Q26449050,大本,おおもと
http://www.wikidata.org/entity/Q27237750,光永,みつなが
http://www.wikidata.org/entity/Q27263707,神宮,じんぐう
http://www.wikidata.org/entity/Q27263729,神宮,じんぐう
http://www.wikidata.org/entity/Q28411319,時間,じかん
http://www.wikidata.org/entity/Q28704281,軍服,ぐんぷく
http://www.wikidata.org/entity/Q30083239,白金,しろがね
http://www.wikidata.org/entity/Q30923766,大丸,だいまる
http://www.wikidata.org/entity/Q40104453,浅草,あさくさ
http://www.wikidata.org/entity/Q48748166,鳥居,とりい
http://www.wikidata.org/entity/Q48763066,死印,しいん
http://www.wikidata.org/entity/Q49098112,中東,ちゅうとう
http://www.wikidata.org/entity/Q49657555,松島,まつしま
http://www.wikidata.org/entity/Q49657579,松島,まつしま
http://www.wikidata.org/entity/Q51133075,家族,かぞく
http://www.wikidata.org/entity/P5280,部首,ぶしゅ
http://www.wikidata.org/entity/Q60606520,国宝,こくほう
http://www.wikidata.org/entity/Q63697969,節分,せつぶん
http://www.wikidata.org/entity/Q85884509,音楽,おんがく
http://www.wikidata.org/entity/Q86735844,文化,ぶんか
http://www.wikidata.org/entity/Q90032720,鳥居,とりい
http://www.wikidata.org/entity/Q90034729,竹島,たけしま
http://www.wikidata.org/entity/Q97179769,中川,なかがわ
http://www.wikidata.org/entity/Q97193160,羽南,はねみなみ
http://www.wikidata.org/entity/Q97273483,戦争,せんそう
http://www.wikidata.org/entity/Q97754536,愛人,あいじん
http://www.wikidata.org/entity/Q105259987,魚豊,さかなゆたか
http://www.wikidata.org/entity/P9190,打点,だてん
http://www.wikidata.org/entity/Q108778908,天才,てんさい
http://www.wikidata.org/entity/Q108779896,日本,にっぽん
http://www.wikidata.org/entity/Q109591238,詩羽,しはね
http://www.wikidata.org/entity/Q111569752,雪女,ゆきおんな
http://www.wikidata.org/entity/Q112136094,湯女,ゆな
http://www.wikidata.org/entity/Q112239573,幹葉,かんは
http://www.wikidata.org/entity/Q2,地球,ちきゅう
http://www.wikidata.org/entity/Q3,生命,せいめい
http://www.wikidata.org/entity/Q290,性別,せいべつ
http://www.wikidata.org/entity/Q319,木星,もくせい
http://www.wikidata.org/entity/Q395,数学,すうがく
http://www.wikidata.org/entity/Q638,音楽,おんがく
http://www.wikidata.org/entity/Q728,武器,ぶき
http://www.wikidata.org/entity/Q1063,進化,しんか
http://www.wikidata.org/entity/Q1111,電荷,でんか
http://www.wikidata.org/entity/Q4508,海軍,かいぐん
http://www.wikidata.org/entity/Q5119,首都,しゅと
http://www.wikidata.org/entity/Q5369,野球,やきゅう
http://www.wikidata.org/entity/Q7355,黄河,こうが
http://www.wikidata.org/entity/Q7873,血液,けつえき
http://www.wikidata.org/entity/Q8441,男性,だんせい
http://www.wikidata.org/entity/Q8465,内戦,ないせん
http://www.wikidata.org/entity/Q8573,孫文,そんぶん
http://www.wikidata.org/entity/Q8959,北元,ほくげん
http://www.wikidata.org/entity/Q11408,磁場,じば
http://www.wikidata.org/entity/Q11421,磁石,じしゃく
http://www.wikidata.org/entity/Q11471,時間,じかん
http://www.wikidata.org/entity/Q12916,実数,じっすう
http://www.wikidata.org/entity/Q13989,本州,ほんしゅう
http://www.wikidata.org/entity/Q14772,百度,ひゃくど
http://www.wikidata.org/entity/Q23883,死海,しかい
http://www.wikidata.org/entity/Q24489,石炭,せきたん
http://www.wikidata.org/entity/Q25295,語族,ごぞく
http://www.wikidata.org/entity/Q29539,密度,みつど
http://www.wikidata.org/entity/Q41825,曜日,ようび
http://www.wikidata.org/entity/Q44602,断食,だんじき
http://www.wikidata.org/entity/Q49513,見島,けんしま
http://www.wikidata.org/entity/Q79852,黄道,こうどう
http://www.wikidata.org/entity/Q83437,宝石,ほうせき
http://www.wikidata.org/entity/Q93318,海里,かいり
http://www.wikidata.org/entity/Q104085,石綿,いしわた
http://www.wikidata.org/entity/Q108163,命題,めいだい
http://www.wikidata.org/entity/Q114675,雲母,うんも
http://www.wikidata.org/entity/Q122549,松竹,しょうちく
http://www.wikidata.org/entity/Q124003,音速,おんそく
http://www.wikidata.org/entity/Q127060,葉酸,ようさん
http://www.wikidata.org/entity/Q138321,元服,げんぷく
http://www.wikidata.org/entity/Q155076,法人,ほうじん
http://www.wikidata.org/entity/Q169534,師団,しだん
http://www.wikidata.org/entity/Q170538,処女,しょじょ
http://www.wikidata.org/entity/Q177254,遠視,えんし
http://www.wikidata.org/entity/Q192852,野党,やとう
http://www.wikidata.org/entity/Q192962,球電,たまでん
http://www.wikidata.org/entity/Q203601,気胸,ききょう
http://www.wikidata.org/entity/Q205706,大公,たいこう
http://www.wikidata.org/entity/Q212989,水着,みずぎ
http://www.wikidata.org/entity/Q222227,空海,くうかい
http://www.wikidata.org/entity/Q224959,明治,めいじ
http://www.wikidata.org/entity/Q235356,馬車,ばしゃ
http://www.wikidata.org/entity/Q242690,経済,けいざい
http://www.wikidata.org/entity/Q317167,火球,かきゅう
http://www.wikidata.org/entity/Q339836,点心,てんしん
http://www.wikidata.org/entity/Q364837,立山,たてやま
http://www.wikidata.org/entity/Q374814,資格,しかく
http://www.wikidata.org/entity/Q435922,市制,しせい
http://www.wikidata.org/entity/Q446213,血液,けつえき
http://www.wikidata.org/entity/Q460311,札差,ふださし
http://www.wikidata.org/entity/Q473472,母島,ははしま
http://www.wikidata.org/entity/Q482980,作家,さっか
http://www.wikidata.org/entity/Q555027,音楽,おんがく
http://www.wikidata.org/entity/Q587180,四球,しきゅう
http://www.wikidata.org/entity/Q599881,源氏,げんじ
http://www.wikidata.org/entity/Q655311,温泉,おんせん
http://www.wikidata.org/entity/Q689643,初島,はつしま
http://www.wikidata.org/entity/Q697641,花札,はなふだ
http://www.wikidata.org/entity/Q709637,宝島,たからしま
http://www.wikidata.org/entity/Q740246,京都,きょうと
http://www.wikidata.org/entity/Q746052,銀座,ぎんざ
http://www.wikidata.org/entity/Q746583,歴史,れきし
http://www.wikidata.org/entity/Q747890,自由,じゆう
http://www.wikidata.org/entity/Q806359,連隊,れんたい
http://www.wikidata.org/entity/Q817393,黒人,こくじん
http://www.wikidata.org/entity/Q823502,光市,ひかりし
http://www.wikidata.org/entity/Q826777,軍服,ぐんぷく
http://www.wikidata.org/entity/Q839253,大将,たいしょう
http://www.wikidata.org/entity/Q842732,官報,かんぽう
http://www.wikidata.org/entity/Q845945,神社,じんじゃ
http://www.wikidata.org/entity/Q849778,部首,ぶしゅ
http://www.wikidata.org/entity/Q873478,演歌,えんか
http://www.wikidata.org/entity/Q875920,東宝,とうほう
http://www.wikidata.org/entity/Q918210,昭和,しょうわ
http://www.wikidata.org/entity/Q965600,遊人,あそびにん
http://www.wikidata.org/entity/Q971928,最中,さいちゅう
http://www.wikidata.org/entity/Q1009333,税関,ぜいかん
http://www.wikidata.org/entity/Q1037119,能楽,のうがく
http://www.wikidata.org/entity/Q1041083,母衣,ほろ
http://www.wikidata.org/entity/Q1046648,銭湯,せんとう
http://www.wikidata.org/entity/Q1048478,春画,しゅんが
http://www.wikidata.org/entity/Q1069473,化学,かがく
http://www.wikidata.org/entity/Q1073515,軍歌,ぐんか
http://www.wikidata.org/entity/Q1075456,数字,すうじ
http://www.wikidata.org/entity/Q1111292,関西,かんさい
http://www.wikidata.org/entity/Q1148403,神楽,かぐら
http://www.wikidata.org/entity/Q1156452,三界,さんがい
http://www.wikidata.org/entity/Q1178412,黒潮,くろしお
http://www.wikidata.org/entity/Q1190383,宝島,たからしま
http://www.wikidata.org/entity/Q1190985,十干,じっかん
http://www.wikidata.org/entity/Q1191018,立冬,りっとう
http://www.wikidata.org/entity/Q1196276,公家,くげ
http://www.wikidata.org/entity/Q1209783,宿場,しゅくば
http://www.wikidata.org/entity/Q1249620,笑点,しょうてん
http://www.wikidata.org/entity/Q1327119,文政,ぶんせい
http://www.wikidata.org/entity/Q1348260,神楽,かぐら
http://www.wikidata.org/entity/Q1421263,雨水,あまみず
http://www.wikidata.org/entity/Q1454274,自由,じゆう
http://www.wikidata.org/entity/Q1495335,月山,がっさん
http://www.wikidata.org/entity/Q1571591,暗殺,あんさつ
http://www.wikidata.org/entity/Q1617216,暗器,あんうつわ
http://www.wikidata.org/entity/Q1620919,準州,じゅんしゅう
http://www.wikidata.org/entity/Q1735738,和算,わさん
http://www.wikidata.org/entity/Q1799237,大学,だいがく
http://www.wikidata.org/entity/Q1849828,村正,むらまさ
http://www.wikidata.org/entity/Q1986796,司教,しきょう
http://www.wikidata.org/entity/Q2017260,置屋,おきや
http://www.wikidata.org/entity/Q2085851,学校,がっこう
http://www.wikidata.org/entity/Q2197000,呼出,よびだし
http://www.wikidata.org/entity/Q2235195,神楽,かぐら
http://www.wikidata.org/entity/Q2287182,死神,しにがみ
http://www.wikidata.org/entity/Q2334076,首相,しゅしょう
http://www.wikidata.org/entity/Q2354342,細雪,ささめゆき
http://www.wikidata.org/entity/Q2602488,飲茶,やむちゃ
http://www.wikidata.org/entity/Q2639098,白山,はくさん
http://www.wikidata.org/entity/Q2667233,門松,かどまつ
http://www.wikidata.org/entity/Q2896261,平泉,ひらいずみ
http://www.wikidata.org/entity/Q2927809,武家,ぶけ
http://www.wikidata.org/entity/Q2985324,六法,ろっぽう
http://www.wikidata.org/entity/Q3012112,大丸,だいまる
http://www.wikidata.org/entity/Q3062329,半片,はんぺら
http://www.wikidata.org/entity/Q3174863,月山,がっさん
http://www.wikidata.org/entity/Q3232712,失禁,しっきん
http://www.wikidata.org/entity/Q3238359,中国,ちゅうごく
http://www.wikidata.org/entity/Q3331518,税関,ぜいかん
http://www.wikidata.org/entity/Q3482406,士族,しぞく
http://www.wikidata.org/entity/Q3493002,家族,かぞく
http://www.wikidata.org/entity/Q3551775,大学,だいがく
http://www.wikidata.org/entity/Q3868579,音楽,おんがく
http://www.wikidata.org/entity/Q4260329,照英,しょうえい
http://www.wikidata.org/entity/Q4655957,学校,がっこう
http://www.wikidata.org/entity/Q5118979,丁半,ちょうはん
http://www.wikidata.org/entity/Q5360758,貧乳,ひんにゅう
http://www.wikidata.org/entity/Q5376799,黒幕,くろまく
http://www.wikidata.org/entity/Q5418714,音楽,おんがく
http://www.wikidata.org/entity/Q5443442,風神,ふうじん
http://www.wikidata.org/entity/Q5545472,少将,しょうしょう
http://www.wikidata.org/entity/Q6451223,大将,たいしょう
http://www.wikidata.org/entity/Q6498477,性欲,せいよく
http://www.wikidata.org/entity/Q6544390,中将,ちゅうじょう
http://www.wikidata.org/entity/Q7098622,野党,やとう
http://www.wikidata.org/entity/Q7105403,麦飯,むぎめし
http://www.wikidata.org/entity/Q7452156,女装,じょそう
http://www.wikidata.org/entity/Q7473516,東京,とうきょう
http://www.wikidata.org/entity/Q7631372,家族,かぞく
http://www.wikidata.org/entity/Q7717536,小説,しょうせつ
http://www.wikidata.org/entity/Q7739591,小説,しょうせつ
http://www.wikidata.org/entity/Q7813796,東京,とうきょう
http://www.wikidata.org/entity/Q7885152,軍服,ぐんぷく
http://www.wikidata.org/entity/Q7995109,白夜,びゃくや
http://www.wikidata.org/entity/Q8193822,調教,ちょうきょう
http://www.wikidata.org/entity/Q8255186,文明,ぶんめい
http://www.wikidata.org/entity/Q10757947,大関,おおぜき
http://www.wikidata.org/entity/Q10934228,大名,だいみょう
http://www.wikidata.org/entity/Q10939700,天明,てんめい
http://www.wikidata.org/entity/Q11352522,一宮,いちのみや
http://www.wikidata.org/entity/Q11353686,七草,ななくさ
http://www.wikidata.org/entity/Q11363094,中原,なかはら
http://www.wikidata.org/entity/Q11376039,人時,にんとき
http://www.wikidata.org/entity/Q11376194,人間,にんげん
http://www.wikidata.org/entity/Q11396471,初島,はつしま
http://www.wikidata.org/entity/Q11399803,助六,すけろく
http://www.wikidata.org/entity/Q11420237,因島,いんしま
http://www.wikidata.org/entity/Q11435325,大広,だいこう
http://www.wikidata.org/entity/Q11436677,大正,たいしょう
http://www.wikidata.org/entity/Q11439874,大関,おおぜき
http://www.wikidata.org/entity/Q11452153,宙美,ゆみ
http://www.wikidata.org/entity/Q11455568,家船,えふね
http://www.wikidata.org/entity/Q11490830,志保,しほ
http://www.wikidata.org/entity/Q11493441,愛人,あいじん
http://www.wikidata.org/entity/Q11495511,成河,せいかわ
http://www.wikidata.org/entity/Q11510768,日食,にっしょく
http://www.wikidata.org/entity/Q11513207,星雲,せいうん
http://www.wikidata.org/entity/Q11535652,栄喜,えいき
http://www.wikidata.org/entity/Q11579471,白団,しろだん
http://www.wikidata.org/entity/Q11579535,白山,はくさん
http://www.wikidata.org/entity/Q11587610,破産,はさん
http://www.wikidata.org/entity/Q11606421,経済,けいざい
http://www.wikidata.org/entity/Q11626055,行幸,ぎょうこう
http://www.wikidata.org/entity/Q11640353,遊女,ゆうじょ
http://www.wikidata.org/entity/Q11650032,銀次,ぎんじ
http://www.wikidata.org/entity/Q11656173,関羽,かんう
http://www.wikidata.org/entity/Q11662690,青線,あおせん
http://www.wikidata.org/entity/Q11671735,高氏,たかうじ
http://www.wikidata.org/entity/Q12599541,氷点,ひょうてん
http://www.wikidata.org/entity/Q13417196,大和,やまと
http://www.wikidata.org/entity/Q13738509,花火,はなび
http://www.wikidata.org/entity/Q16151491,首相,しゅしょう
http://www.wikidata.org/entity/Q16170747,青春,せいしゅん
http://www.wikidata.org/entity/Q16170775,青春,せいしゅん
http://www.wikidata.org/entity/Q16280577,細雪,ささめゆき
http://www.wikidata.org/entity/Q16961964,人間,にんげん
http://www.wikidata.org/entity/Q17157514,国家,こっか
http://www.wikidata.org/entity/Q17210282,教場,きょうじょう
http://www.wikidata.org/entity/Q17216776,志朗,しろう
http://www.wikidata.org/entity/Q17229733,俳句,はいく
http://www.wikidata.org/entity/Q17326717,軍服,ぐんぷく
http://www.wikidata.org/entity/Q17350008,志朗,しろう
http://www.wikidata.org/entity/Q17686833,宇宙,うちゅう
http://www.wikidata.org/entity/Q17990478,銀河,ぎんが
http://www.wikidata.org/entity/Q18336659,大関,おおぜき
http://www.wikidata.org/entity/Q18545846,世界,せかい
http://www.wikidata.org/entity/Q18663901,戦死,せんし
http://www.wikidata.org/entity/Q20040678,女性,じょせい
http://www.wikidata.org/entity/P2046,面積,めんせき
http://www.wikidata.org/entity/Q21015423,絶歌,ぜつうた
http://www.wikidata.org/entity/Q21435795,警部,けいぶ
http://www.wikidata.org/entity/Q22129391,灯台,とうだい
http://www.wikidata.org/entity/Q23997588,年寄,としより
http://www.wikidata.org/entity/Q23998221,下町,したまち
http://www.wikidata.org/entity/P2894,曜日,ようび
http://www.wikidata.org/entity/Q24875757,銀座,ぎんざ
http://www.wikidata.org/entity/Q26216279,鳥居,とりい
http://www.wikidata.org/entity/Q26231316,大和,やまと
http://www.wikidata.org/entity/Q27150903,愛来,あき
http://www.wikidata.org/entity/Q27237745,光永,みつなが
http://www.wikidata.org/entity/Q27242715,一宮,いちのみや
http://www.wikidata.org/entity/Q27263719,神宮,じんぐう
http://www.wikidata.org/entity/Q30925978,天才,てんさい
http://www.wikidata.org/entity/Q38277347,桜島,さくらしま
http://www.wikidata.org/entity/Q40161171,赤羽,あかばね
http://www.wikidata.org/entity/Q43395125,官報,かんぽう
http://www.wikidata.org/entity/Q45181060,七夕,たなばた
http://www.wikidata.org/entity/Q47092424,六道,りくどう
http://www.wikidata.org/entity/Q48762343,新宿,しんじゅく
http://www.wikidata.org/entity/Q49657550,松島,まつしま
http://www.wikidata.org/entity/Q49657552,松島,まつしま
http://www.wikidata.org/entity/Q49657576,松島,まつしま
http://www.wikidata.org/entity/Q49657592,松島,まつしま
http://www.wikidata.org/entity/Q51587791,水神,すいじん
http://www.wikidata.org/entity/Q65271570,果実,かじつ
http://www.wikidata.org/entity/Q65272691,熟女,じゅくじょ
http://www.wikidata.org/entity/Q69634220,名字,みょうじ
http://www.wikidata.org/entity/Q76283887,星波,ほしなみ
http://www.wikidata.org/entity/Q77810802,夏子,なつこ
http://www.wikidata.org/entity/Q85903106,下町,したまち
http://www.wikidata.org/entity/Q86725332,時効,じこう
http://www.wikidata.org/entity/Q90034098,新島,にいじま
http://www.wikidata.org/entity/Q90034373,立山,たてやま
http://www.wikidata.org/entity/Q97186847,風神,ふうじん
http://www.wikidata.org/entity/Q97311097,宝石,ほうせき
http://www.wikidata.org/entity/Q106237661,灯台,とうだい
http://www.wikidata.org/entity/Q107214515,武豊,たけとよ
http://www.wikidata.org/entity/Q107596245,家族,かぞく
http://www.wikidata.org/entity/Q108608368,王仁,わに
http://www.wikidata.org/entity/Q108757185,地球,ちきゅう
http://www.wikidata.org/entity/Q108778842,割礼,かつれい
http://www.wikidata.org/entity/Q109788700,三体,さんたい
http://www.wikidata.org/entity/Q110543460,茶屋,ちゃや
http://www.wikidata.org/entity/Q110767672,宝島,たからしま
http://www.wikidata.org/entity/Q111100041,少女,しょうじょ
http://www.wikidata.org/entity/Q111103886,少女,しょうじょ
http://www.wikidata.org/entity/Q111103910,少女,しょうじょ
http://www.wikidata.org/entity/Q111,火星,かせい
http://www.wikidata.org/entity/Q198,戦争,せんそう
http://www.wikidata.org/entity/Q308,水星,すいせい
http://www.wikidata.org/entity/Q578,世紀,せいき
http://www.wikidata.org/entity/Q2111,光速,こうそく
http://www.wikidata.org/entity/Q2409,塩酸,えんさん
http://www.wikidata.org/entity/Q5314,岩塩,がんえん
http://www.wikidata.org/entity/Q7946,鉱物,こうぶつ
http://www.wikidata.org/entity/Q8188,音節,おんせつ
http://www.wikidata.org/entity/Q8242,文学,ぶんがく
http://www.wikidata.org/entity/Q8473,軍隊,ぐんたい
http://www.wikidata.org/entity/Q10816,性具,せいぐ
http://www.wikidata.org/entity/Q11023,工学,こうがく
http://www.wikidata.org/entity/Q11190,医学,いがく
http://www.wikidata.org/entity/Q11500,面積,めんせき
http://www.wikidata.org/entity/Q19546,教皇,きょうこう
http://www.wikidata.org/entity/Q34763,半島,はんしま
http://www.wikidata.org/entity/Q38035,子音,しいん
http://www.wikidata.org/entity/Q39631,医師,いし
http://www.wikidata.org/entity/Q40231,選挙,せんきょ
http://www.wikidata.org/entity/Q51621,列聖,れっせい
http://www.wikidata.org/entity/Q74560,精子,せいし
http://www.wikidata.org/entity/Q81809,気圧,きあつ
http://www.wikidata.org/entity/Q104334,炭酸,たんさん
http://www.wikidata.org/entity/Q108239,教授,きょうじゅ
http://www.wikidata.org/entity/Q118964,秋水,しゅうすい
http://www.wikidata.org/entity/Q120976,階乗,かいじょう
http://www.wikidata.org/entity/Q121569,磁石,じしゃく
http://www.wikidata.org/entity/Q125191,写真,しゃしん
http://www.wikidata.org/entity/Q131136,流星,りゅうせい
http://www.wikidata.org/entity/Q149086,殺人,さつじん
http://www.wikidata.org/entity/Q152024,麦芽,ばくが
http://www.wikidata.org/entity/Q152951,中将,ちゅうじょう
http://www.wikidata.org/entity/Q153038,四国,しこく
http://www.wikidata.org/entity/Q154874,黄熱,おうねつ
http://www.wikidata.org/entity/Q170439,和音,わおん
http://www.wikidata.org/entity/Q177998,寒天,かんてん
http://www.wikidata.org/entity/Q179651,音階,おんかい
http://www.wikidata.org/entity/Q185030,天才,てんさい
http://www.wikidata.org/entity/Q185145,列強,れっきょう
http://www.wikidata.org/entity/Q185553,位相,いそう
http://www.wikidata.org/entity/Q188641,乳首,ちくび
http://www.wikidata.org/entity/Q210815,憲兵,けんぺい
http://www.wikidata.org/entity/Q233170,太陽,たいよう
http://www.wikidata.org/entity/Q235113,天使,てんし
http://www.wikidata.org/entity/Q238306,白茶,しらちゃ
http://www.wikidata.org/entity/Q250423,石灰,せっかい
http://www.wikidata.org/entity/Q250816,歴史,れきし
http://www.wikidata.org/entity/Q256408,元号,げんごう
http://www.wikidata.org/entity/Q257868,社会,しゃかい
http://www.wikidata.org/entity/Q258331,短歌,たんか
http://www.wikidata.org/entity/Q327651,入浴,にゅうよく
http://www.wikidata.org/entity/Q380532,弁当,べんとう
http://www.wikidata.org/entity/Q380598,孫策,そんさく
http://www.wikidata.org/entity/Q391456,銀河,ぎんが
http://www.wikidata.org/entity/Q394863,歴史,れきし
http://www.wikidata.org/entity/Q401540,数学,すうがく
http://www.wikidata.org/entity/Q460197,郷士,ごうし
http://www.wikidata.org/entity/Q465108,詩経,しきょう
http://www.wikidata.org/entity/Q465299,文化,ぶんか
http://www.wikidata.org/entity/Q484083,緑茶,りょくちゃ
http://www.wikidata.org/entity/Q524526,尺八,しゃくはち
http://www.wikidata.org/entity/Q543901,根付,ねつけ
http://www.wikidata.org/entity/Q548135,苦力,くーりー
http://www.wikidata.org/entity/Q643419,羊肉,ひつじにく
http://www.wikidata.org/entity/Q696994,両班,やんばん
http://www.wikidata.org/entity/Q708935,正宗,まさむね
http://www.wikidata.org/entity/Q711600,信西,しんせい
http://www.wikidata.org/entity/Q713493,安打,あんだ
http://www.wikidata.org/entity/Q727414,黄砂,こうさ
http://www.wikidata.org/entity/Q736762,神話,しんわ
http://www.wikidata.org/entity/Q737148,和歌,わか
http://www.wikidata.org/entity/Q745094,首相,しゅしょう
http://www.wikidata.org/entity/Q841440,帰化,きか
http://www.wikidata.org/entity/Q852152,首相,しゅしょう
http://www.wikidata.org/entity/Q854418,中国,ちゅうごく
http://www.wikidata.org/entity/Q866745,歩兵,ほへい
http://www.wikidata.org/entity/Q877342,落語,らくご
http://www.wikidata.org/entity/Q912452,灯油,とうゆ
http://www.wikidata.org/entity/Q944584,電話,でんわ
http://www.wikidata.org/entity/Q951964,食品,しょくひん
http://www.wikidata.org/entity/Q1005907,地球,ちきゅう
http://www.wikidata.org/entity/Q1050260,国技,こくぎ
http://www.wikidata.org/entity/Q1050292,月見,つきみ
http://www.wikidata.org/entity/Q1052332,内戦,ないせん
http://www.wikidata.org/entity/Q1052340,飲精,いんせい
http://www.wikidata.org/entity/Q1054879,相棒,あいぼう
http://www.wikidata.org/entity/Q1062546,後金,あときん
http://www.wikidata.org/entity/Q1067693,中黒,なかぐろ
http://www.wikidata.org/entity/Q1142310,天海,あまがい
http://www.wikidata.org/entity/Q1145058,天正,てんしょう
http://www.wikidata.org/entity/Q1156970,人類,じんるい
http://www.wikidata.org/entity/Q1191013,夏至,げし
http://www.wikidata.org/entity/Q1202497,管領,かんりょう
http://www.wikidata.org/entity/Q1203337,境町,さかいまち
http://www.wikidata.org/entity/Q1314337,画像,がぞう
http://www.wikidata.org/entity/Q1319512,灯台,とうだい
http://www.wikidata.org/entity/Q1327259,安政,あんせい
http://www.wikidata.org/entity/Q1369045,天保,てんぽう
http://www.wikidata.org/entity/Q1413573,玉鋼,たまはがね
http://www.wikidata.org/entity/Q1426284,首相,しゅしょう
http://www.wikidata.org/entity/Q1468396,三賞,さんしょう
http://www.wikidata.org/entity/Q1510848,軍服,ぐんぷく
http://www.wikidata.org/entity/Q1683235,世界,せかい
http://www.wikidata.org/entity/Q1734623,南極,なんきょく
http://www.wikidata.org/entity/Q1760119,祝詞,のりと
http://www.wikidata.org/entity/Q1765120,学士,がくし
http://www.wikidata.org/entity/Q1984009,死神,しにがみ
http://www.wikidata.org/entity/Q2025514,歩兵,ほへい
http://www.wikidata.org/entity/Q2349235,真神,しんしん
http://www.wikidata.org/entity/Q2353252,首相,しゅしょう
http://www.wikidata.org/entity/Q2570723,山菜,さんさい
http://www.wikidata.org/entity/Q2578402,工具,こうぐ
http://www.wikidata.org/entity/Q2709639,三線,さんしん
http://www.wikidata.org/entity/Q3210905,死神,しにがみ
http://www.wikidata.org/entity/Q3276139,洋食,ようしょく
http://www.wikidata.org/entity/Q3471781,神宮,じんぐう
http://www.wikidata.org/entity/Q3544430,市丸,いちまる
http://www.wikidata.org/entity/Q3548069,極左,きょくさ
http://www.wikidata.org/entity/Q4042332,興和,こうわ
http://www.wikidata.org/entity/P18,画像,がぞう
http://www.wikidata.org/entity/P21,性別,せいべつ
http://www.wikidata.org/entity/P25,母親,ははおや
http://www.wikidata.org/entity/P30,大陸,たいりく
http://www.wikidata.org/entity/Q4237893,赤軍,せきぐん
http://www.wikidata.org/entity/Q4390219,金星,きんせい
http://www.wikidata.org/entity/Q4520623,竹島,たけしま
http://www.wikidata.org/entity/Q4655519,馬車,ばしゃ
http://www.wikidata.org/entity/Q4704917,教育,きょういく
http://www.wikidata.org/entity/Q5531654,大将,たいしょう
http://www.wikidata.org/entity/P172,民族,みんぞく
http://www.wikidata.org/entity/Q6269206,少将,しょうしょう
http://www.wikidata.org/entity/Q6935055,混血,こんけつ
http://www.wikidata.org/entity/Q6982024,海軍,かいぐん
http://www.wikidata.org/entity/Q7496111,七輪,しちりん
http://www.wikidata.org/entity/Q7496475,志保,しほ
http://www.wikidata.org/entity/Q7713244,去勢,きょせい
http://www.wikidata.org/entity/Q7773267,歩兵,ほへい
http://www.wikidata.org/entity/Q10444029,社格,しゃかく
http://www.wikidata.org/entity/Q10855468,教授,きょうじゅ
http://www.wikidata.org/entity/Q10856422,竹島,たけしま
http://www.wikidata.org/entity/Q10864566,七宝,しっぽう
http://www.wikidata.org/entity/Q10988133,牛乳,ぎゅうにゅう
http://www.wikidata.org/entity/Q11122568,次元,じげん
http://www.wikidata.org/entity/Q11242391,美元,びもと
http://www.wikidata.org/entity/Q11360025,上組,かみぐみ
http://www.wikidata.org/entity/Q11361228,下町,したまち
http://www.wikidata.org/entity/Q11361229,下町,したまち
http://www.wikidata.org/entity/Q11363274,中国,ちゅうごく
http://www.wikidata.org/entity/Q11371129,事件,じけん
http://www.wikidata.org/entity/Q11377618,仕手,して
http://www.wikidata.org/entity/Q11381651,位相,いそう
http://www.wikidata.org/entity/Q11388835,党員,とういん
http://www.wikidata.org/entity/Q11395324,冷夏,れいか
http://www.wikidata.org/entity/Q11396439,初切,しょっきり
http://www.wikidata.org/entity/Q11398018,割礼,かつれい
http://www.wikidata.org/entity/Q11438310,大社,たいしゃ
http://www.wikidata.org/entity/Q11452125,官職,かんしょく
http://www.wikidata.org/entity/Q11452577,宝毛,たからげ
http://www.wikidata.org/entity/Q11452909,客死,かくし
http://www.wikidata.org/entity/Q11457880,愛美,まなみ
http://www.wikidata.org/entity/Q11465832,山万,やままん
http://www.wikidata.org/entity/Q11476337,島忠,しまただし
http://www.wikidata.org/entity/Q11493442,愛人,あいじん
http://www.wikidata.org/entity/Q11511541,早織,さおり
http://www.wikidata.org/entity/Q11545923,武将,ぶしょう
http://www.wikidata.org/entity/Q11546972,死神,しにがみ
http://www.wikidata.org/entity/Q11579536,白山,はくさん
http://www.wikidata.org/entity/Q11605576,素数,そすう
http://www.wikidata.org/entity/Q11616867,英二,えいじ
http://www.wikidata.org/entity/Q11616890,英勉,えいつとむ
http://www.wikidata.org/entity/Q11661464,青春,せいしゅん
http://www.wikidata.org/entity/Q12338911,天使,てんし
http://www.wikidata.org/entity/Q12498236,義親,ぎしん
http://www.wikidata.org/entity/Q12604038,食客,しょっかく
http://www.wikidata.org/entity/Q12617485,竹島,たけしま
http://www.wikidata.org/entity/P725,声優,せいゆう
http://www.wikidata.org/entity/Q14820885,射精,しゃせい
http://www.wikidata.org/entity/Q14942359,重言,じゅうげん
http://www.wikidata.org/entity/P1038,親族,しんぞく
http://www.wikidata.org/entity/Q15615347,少将,しょうしょう
http://www.wikidata.org/entity/Q15716652,医学,いがく
http://www.wikidata.org/entity/Q15903946,将軍,しょうぐん
http://www.wikidata.org/entity/Q16766767,原子,げんし
http://www.wikidata.org/entity/Q17211867,地口,ぢぐち
http://www.wikidata.org/entity/Q17214053,空海,くうかい
http://www.wikidata.org/entity/Q17216105,昭和,しょうわ
http://www.wikidata.org/entity/Q17219705,東京,とうきょう
http://www.wikidata.org/entity/Q17305468,三助,さんすけ
http://www.wikidata.org/entity/Q18786106,位相,いそう
http://www.wikidata.org/entity/Q21059588,五常,ごじょう
http://www.wikidata.org/entity/Q22933747,大将,たいしょう
http://www.wikidata.org/entity/P2596,文化,ぶんか
http://www.wikidata.org/entity/Q23540923,首相,しゅしょう
http://www.wikidata.org/entity/Q23998449,国司,くにじ
http://www.wikidata.org/entity/Q24868705,武尊,ぶそん
http://www.wikidata.org/entity/Q24873264,幸福,こうふく
http://www.wikidata.org/entity/Q26157673,松島,まつしま
http://www.wikidata.org/entity/Q26212717,難波,なんば
http://www.wikidata.org/entity/Q26212723,難波,なんば
http://www.wikidata.org/entity/Q26231345,大和,やまと
http://www.wikidata.org/entity/Q27157561,立山,たてやま
http://www.wikidata.org/entity/Q27157563,立山,たてやま
http://www.wikidata.org/entity/Q27263721,神宮,じんぐう
http://www.wikidata.org/entity/Q27263744,神宮,じんぐう
http://www.wikidata.org/entity/Q27660203,麦芽,ばくが
http://www.wikidata.org/entity/Q28692961,次元,じげん
http://www.wikidata.org/entity/Q29217458,花火,はなび
http://www.wikidata.org/entity/Q29514008,風夏,かぜなつ
http://www.wikidata.org/entity/Q30934394,神宮,じんぐう
http://www.wikidata.org/entity/Q38746877,権現,ごんげん
http://www.wikidata.org/entity/Q40160885,正宗,まさむね
http://www.wikidata.org/entity/P4403,口径,こうけい
http://www.wikidata.org/entity/Q43610331,風水,ふうすい
http://www.wikidata.org/entity/Q48068543,聖人,せいじん
http://www.wikidata.org/entity/Q55305016,画像,がぞう
http://www.wikidata.org/entity/Q55533285,氷点,ひょうてん
http://www.wikidata.org/entity/Q61057259,位階,いかい
http://www.wikidata.org/entity/Q62609017,令和,れいわ
http://www.wikidata.org/entity/Q64854356,電話,でんわ
http://www.wikidata.org/entity/Q65030447,小波,こなみ
http://www.wikidata.org/entity/Q68181937,暴力,ぼうりょく
http://www.wikidata.org/entity/Q68182045,暴力,ぼうりょく
http://www.wikidata.org/entity/Q73634409,地球,ちきゅう
http://www.wikidata.org/entity/Q88097400,日本,にっぽん
http://www.wikidata.org/entity/Q90033459,対馬,つしま
http://www.wikidata.org/entity/Q91469616,使徒,しと
http://www.wikidata.org/entity/Q97164505,優里,ゆり
http://www.wikidata.org/entity/Q97192487,東京,とうきょう
http://www.wikidata.org/entity/Q97311317,青春,せいしゅん
http://www.wikidata.org/entity/Q98276829,磁器,じき
http://www.wikidata.org/entity/Q100532049,雲母,うんも
http://www.wikidata.org/entity/Q105645082,流星,りゅうせい
http://www.wikidata.org/entity/Q106374412,学校,がっこう
http://www.wikidata.org/entity/Q106478071,灯台,とうだい
http://www.wikidata.org/entity/Q106995382,光永,みつなが
http://www.wikidata.org/entity/Q108762484,温泉,おんせん

